trades,final_equity,total_return,cagr,max_drawdown,sharpe,sortino,calmar,win_rate,profit_factor,avg_r,expectancy_r,best_r,worst_r,total_fees,total_funding,avg_bars_held,liquidations,exposure,tf,entry_window,atr_stop_mult,trail_mult,regime_ema,vol_target,_risk,_lev
157,165421.72192045365,15.542172192045363,0.36956972585764913,-0.21409413209123707,1.4113791481507427,1.0338473791034306,1.7262020320115805,0.33121019108280253,2.1525645939363036,1.0908347907321327,1.0908347907321327,31.658309513507632,-1.2964813488649078,10625.376912236887,23004.252699998404,37.49044585987261,0,0.3012436665131276,4h,30,2.0,5.0,200,0.0,0.02,3.0
157,487562.03628242726,47.75620362824272,0.5459674294614818,-0.3213267132620909,1.4181009475038933,1.0309049462953817,1.6991037686187085,0.33121019108280253,1.8712736847847755,1.0908347907321327,1.0908347907321327,31.65830951350763,-1.2964813488649078,46147.59114192485,80317.54484086599,37.49044585987261,0,0.3012436665131276,4h,30,2.0,5.0,200,0.6,0.02,3.0
180,514701.64028804697,50.470164028804696,0.5553823985906576,-0.3330127527658846,1.406444071464724,1.091017200664754,1.6677511415939794,0.28888888888888886,1.6727598548245541,0.9438940072161847,0.9438940072161847,31.65830951350763,-1.2964813488649078,59167.27261316358,97776.32250500895,36.74444444444445,0,0.3385024822150571,4h,20,2.0,5.0,200,0.6,0.02,3.0
180,160387.02557972443,15.038702557972442,0.3648333191162476,-0.2206123741607765,1.3816217035251777,1.0793537339319144,1.653730079756844,0.28888888888888886,1.8879844163928805,0.9438940072161844,0.9438940072161844,31.65830951350762,-1.2964813488649076,12544.851044480114,25152.98760120664,36.74444444444445,0,0.3385024822150571,4h,20,2.0,5.0,200,0.0,0.02,3.0
215,493706.77234702493,48.37067723470249,0.5481391197614995,-0.35285289485153737,1.3624124495699124,1.1410913938057399,1.553449405572055,0.2744186046511628,1.5848234182234813,0.7582143884016054,0.7582143884016054,30.035265497183698,-1.2964813488649078,61217.14286349972,95438.33331766882,35.269767441860466,0,0.38809560366446594,4h,20,2.0,5.0,100,0.6,0.02,3.0
209,126087.67146537872,11.608767146537872,0.3285174643266995,-0.22613812239986036,1.2637736292789274,0.9843995771052392,1.4527292472421374,0.39712918660287083,1.7015748872339043,0.4510010540590213,0.4510010540590213,14.475580527053571,-1.1981775060058109,12892.350299432157,14889.814019353766,26.47846889952153,0,0.2832284149649419,4h,20,2.5,3.5,200,0.6,0.02,3.0
166,93827.51891956138,8.382751891956138,0.2852339827337462,-0.197954745544236,1.3252870150008824,1.0596018531797717,1.4409050005320856,0.3313253012048193,1.9241330476648322,0.8008287408556175,0.8008287408556175,25.471253198355345,-1.1981775060058113,5699.990105001605,13643.539865568553,42.626506024096386,0,0.36214749987205075,4h,20,2.5,5.0,200,0.0,0.02,3.0
196,219637.21789134247,20.963721789134247,0.41378422317078467,-0.2910926161603913,1.264156766852973,1.0765750910242655,1.421486496733365,0.32653061224489793,1.6590835339732222,0.6403901868127254,0.6403901868127254,24.105273082052058,-1.1981775060058113,20587.817501125977,37566.40700456507,41.535714285714285,0,0.4166538717436921,4h,20,2.5,5.0,100,0.6,0.02,3.0
209,54736.95023108221,4.473695023108221,0.20989892778714236,-0.1483288874716728,1.2380261770213323,0.9700872147854671,1.4150913646354149,0.39712918660287083,1.7509303703818757,0.45100105405902124,0.45100105405902124,14.47558052705357,-1.198177506005811,4242.667522791093,6168.075454567858,26.47846889952153,0,0.2832284149649419,4h,20,2.5,3.5,200,0.0,0.02,3.0
149,89675.79947392167,7.967579947392167,0.27873102189702803,-0.20131758820032963,1.191435311733672,0.8428357086536067,1.3845338819560309,0.30201342281879195,1.969125891331227,0.9057302298918436,0.9057302298918436,31.658309513507625,-1.2131862899729149,5752.473270715394,12982.504975602975,36.50335570469799,0,0.2783663442346077,4h,55,2.0,5.0,0,0.0,0.02,3.0
221,75342.7658102356,6.534276581023561,0.2540126275182817,-0.18534728874499157,1.2317220339968895,0.9497709172258374,1.3704685363256794,0.3665158371040724,1.6658741817936138,0.5196854270293044,0.5196854270293044,17.99174956742042,-1.2900300374782288,7480.5847288326695,9796.25494250629,23.923076923076923,0,0.27058703106607296,4h,20,2.0,3.5,200,0.0,0.02,3.0
185,432048.33991836617,42.204833991836615,0.5251628930654686,-0.3843223872240405,1.3617598875609835,1.052763064619663,1.366464485347103,0.2972972972972973,1.629274958382038,0.8712713350885415,0.8712713350885415,30.0352654971837,-1.2964813488649076,51486.36779985667,84820.24901060647,35.616216216216216,0,0.3372229899176007,4h,30,2.0,5.0,100,0.6,0.02,3.0
221,189487.64354986584,17.948764354986583,0.390579332879907,-0.2875556328995913,1.2730542534356606,0.9770848326515706,1.3582739762092906,0.3665158371040724,1.5781634693738418,0.5196854270293044,0.5196854270293044,17.991749567420424,-1.2900300374782283,25772.528041450427,26624.64338916586,23.923076923076923,0,0.27058703106607296,4h,20,2.0,3.5,200,0.6,0.02,3.0
166,234168.33337522653,22.416833337522654,0.4239723113309486,-0.31328055873442756,1.312421078433489,1.0436267277075677,1.353331062239186,0.3313253012048193,1.710333041313753,0.8008287408556175,0.8008287408556175,25.47125319835535,-1.198177506005811,21162.92446857833,41136.3484023997,42.626506024096386,0,0.36214749987205075,4h,20,2.5,5.0,200,0.6,0.02,3.0
151,80284.07274973586,7.028407274973587,0.2629729577793818,-0.19871715083816177,1.2499897692421682,0.9252303264198716,1.3233531009789432,0.3509933774834437,1.9370105895939638,0.8287186676855033,0.8287186676855033,25.471253198355345,-1.1621579872395253,4561.272589698157,11436.811404321026,41.0728476821192,0,0.3174164491529761,4h,30,2.5,5.0,200,0.0,0.02,3.0
147,89848.76171872045,7.984876171872045,0.2790072230271923,-0.21125593590033082,1.1943740168194608,0.8415379149108552,1.3207071405502475,0.30612244897959184,1.9323991951566988,0.9187115961884726,0.9187115961884726,31.658309513507632,-1.2131862899729149,5869.984379425437,13280.807996764484,36.72108843537415,0,0.2762679768667793,4h,55,2.0,5.0,100,0.0,0.02,3.0
205,43032.84147763121,3.3032841477631214,0.17771048344197848,-0.13477184165921596,1.239005688791866,0.9705816287030334,1.318602471066153,0.4097560975609756,1.8033893113673072,0.38811296312637156,0.38811296312637156,12.109075937802526,-1.1440453091118183,2848.8183347827558,4339.50300397044,27.341463414634145,0,0.286862173089718,4h,20,3.0,3.5,200,0.0,0.02,3.0
205,92996.87121431321,8.29968712143132,0.2839536474132356,-0.2199515007427209,1.2732263947176397,0.9919731014169436,1.2909829960441075,0.4097560975609756,1.790065474456871,0.3881129631263715,0.3881129631263715,12.109075937802523,-1.1440453091118183,8057.408344724467,9817.915202907336,27.341463414634145,0,0.286862173089718,4h,20,3.0,3.5,200,0.6,0.02,3.0
193,69568.15513848905,5.9568155138489045,0.24285463720321987,-0.19019303220845105,1.2305221518134157,0.8845550884259221,1.2768850382334294,0.3626943005181347,1.771150411634073,0.5676940592409879,0.5676940592409879,17.991749567420417,-1.2900300374782285,5942.804002672065,8387.765985280963,23.979274611398964,0,0.2368596141051231,4h,30,2.0,3.5,200,0.0,0.02,3.0
185,135226.93377269065,12.522693377269066,0.33897833728609417,-0.26749215381871233,1.2972038532962036,1.0068273074464729,1.267245907765318,0.2972972972972973,1.7843724615080592,0.8712713350885416,0.8712713350885416,30.0352654971837,-1.2964813488649074,11125.788470639793,22503.179160474734,35.616216216216216,0,0.3372229899176007,4h,30,2.0,5.0,100,0.0,0.02,3.0
139,89390.06730683337,7.939006730683337,0.27827370210003277,-0.22136533169881964,1.2082466122620141,0.8219138506847191,1.2570789651861127,0.30935251798561153,1.935861079271687,0.9686379583178609,0.9686379583178609,31.65830951350763,-1.2131862899729149,5819.916100785132,13255.425306904854,36.17985611510792,0,0.25738267055632325,4h,55,2.0,5.0,200,0.0,0.02,3.0
243,131300.13879334048,12.130013879334047,0.3345630737873122,-0.2667658618697346,1.2412980594127274,1.039452870547383,1.2541450073198792,0.40329218106995884,1.594213860174672,0.3925128896442597,0.3925128896442597,14.475580527053573,-1.198177506005811,15277.356487658537,16444.933396003886,26.31687242798354,0,0.3272941296893393,4h,20,2.5,3.5,100,0.6,0.02,3.0
149,194682.69984694058,18.468269984694057,0.39480133944336315,-0.3181849280958529,1.2032961159638191,0.8434809726535358,1.2407920821580511,0.30201342281879195,1.7638038964494085,0.905730229891844,0.905730229891844,31.658309513507632,-1.213186289972915,19005.2256857474,34325.50050541232,36.50335570469799,0,0.2783663442346077,4h,55,2.0,5.0,0,0.6,0.02,3.0
262,343753.9711246458,33.375397112464576,0.48657922958455435,-0.3922459020624797,1.20989354506009,1.0830168051632074,1.2404953806427492,0.2633587786259542,1.394109832928315,0.584400800678325,0.584400800678325,34.0499904362124,-1.3296314926900479,55525.5007745677,77793.18676575937,33.48091603053435,0,0.44894825733149085,4h,10,2.0,5.0,100,0.6,0.02,3.0
193,157265.724216592,14.7265724216592,0.3618302161880804,-0.2918465266540194,1.252250418569043,0.8989641222645516,1.2397962049999858,0.3626943005181347,1.6855183550832593,0.5676940592409879,0.5676940592409879,17.99174956742042,-1.290030037478228,18002.965676039137,19887.37439582173,23.979274611398964,0,0.2368596141051231,4h,30,2.0,3.5,200,0.6,0.02,3.0
215,138639.698842454,12.8639698842454,0.3427241136179373,-0.2823918797312902,1.281782851676705,1.079429875992898,1.21364719815618,0.2744186046511628,1.6705079465899144,0.7582143884016055,0.7582143884016055,30.0352654971837,-1.2964813488649076,12825.849749062349,23935.364715016567,35.269767441860466,0,0.38809560366446594,4h,20,2.0,5.0,100,0.0,0.02,3.0
151,177337.3992271999,16.73373992271999,0.3802887359793399,-0.3179714415331751,1.2298317475941327,0.9037589911182685,1.195983935367551,0.3509933774834437,1.7054934745053112,0.8287186676855034,0.8287186676855034,25.471253198355353,-1.1621579872395253,15489.75016735524,31285.051467461082,41.0728476821192,0,0.3174164491529761,4h,30,2.5,5.0,200,0.6,0.02,3.0
140,59511.36157022786,4.951136157022786,0.22129305081910866,-0.18557450539270462,1.1251832871846135,0.8130853233263428,1.1924754984571724,0.32857142857142857,1.8588895025711825,0.7690456752755636,0.7690456752755636,25.471253198355353,-1.3621046275079178,3232.1547432251705,8588.915662172585,41.65714285714286,0,0.2984799631506218,4h,55,2.5,5.0,0,0.0,0.02,3.0
162,60424.09611245676,5.042409611245676,0.22337834553103342,-0.18833396548180947,1.2287472051364943,0.989236387304927,1.1860757296729292,0.3395061728395062,1.8517085531070285,0.6493434206833406,0.6493434206833406,21.307148175055637,-1.1655504990466297,3210.9305018821506,8495.748071035116,45.32716049382716,0,0.3758124776088848,4h,20,3.0,5.0,200,0.0,0.02,3.0
223,325402.01230491523,31.540201230491526,0.4774656462290854,-0.40822976263400595,1.229927412212584,1.0242394312869159,1.1696002837920274,0.27802690582959644,1.4390077808365844,0.6780537832881612,0.6780537832881612,30.0352654971837,-1.3296314926900479,49911.60864546783,72050.01441096293,34.53363228699551,0,0.39413480730846,4h,10,2.0,5.0,200,0.6,0.02,3.0
223,108420.34054163615,9.842034054163616,0.30622762355991906,-0.26306573432043306,1.1803439303086072,0.991973798636372,1.1640726389203988,0.27802690582959644,1.5270460342651069,0.6780537832881611,0.6780537832881611,30.0352654971837,-1.3296314926900479,12059.789213751681,22048.836106563773,34.53363228699551,0,0.39413480730846,4h,10,2.0,5.0,200,0.0,0.02,3.0
184,69133.18294389048,5.9133182943890485,0.2419812200070972,-0.20865759219575022,1.1680565292676848,0.8522208683982814,1.159704842084465,0.3858695652173913,1.8517738946844249,0.37569573156139335,0.37569573156139335,12.109075937802526,-1.106102526648584,5294.052265370714,6700.818523298816,26.342391304347824,0,0.24806796663084088,4h,30,3.0,3.5,200,0.6,0.02,3.0
147,193383.76096905072,18.338376096905073,0.3937551617932413,-0.34004854783805794,1.2033449571930934,0.8396525177164799,1.1579380776557828,0.30612244897959184,1.7213176603136622,0.9187115961884726,0.9187115961884726,31.658309513507632,-1.2131862899729149,19452.00162844603,35248.007174917744,36.72108843537415,0,0.2762679768667793,4h,55,2.0,5.0,100,0.6,0.02,3.0
196,81551.5958275555,7.15515958275555,0.26519236835186133,-0.23009683591057034,1.2180239362066205,1.0456300759056745,1.1525250545163135,0.32653061224489793,1.7196418372172164,0.6403901868127254,0.6403901868127254,24.105273082052065,-1.198177506005811,5695.979052072645,12604.154296385417,41.535714285714285,0,0.4166538717436921,4h,20,2.5,5.0,100,0.0,0.02,3.0
129,61389.250190454855,5.138925019045486,0.22555319486986525,-0.19814057958731218,1.1585712002859176,0.8032717235852268,1.138349324200263,0.34108527131782945,1.8656999352670594,0.8458711246754258,0.8458711246754258,25.47125319835535,-1.3621046275079176,3280.164359969569,8851.393261385634,41.689922480620154,0,0.27524438302881415,4h,55,2.5,5.0,200,0.0,0.02,3.0
162,142537.37096884704,13.253737096884704,0.34690325216749196,-0.30495270392345597,1.247663348353585,0.9961727271920876,1.137564113071664,0.3395061728395062,1.7187479521629832,0.6493434206833406,0.6493434206833406,21.307148175055634,-1.1655504990466297,10891.278862638988,23359.433881497367,45.32716049382716,0,0.3758124776088848,4h,20,3.0,5.0,200,0.6,0.02,3.0
126,44809.186786329796,3.48091867863298,0.1830620314524114,-0.1611123387703507,1.1004546457155882,0.7729961189239442,1.136238433689103,0.3492063492063492,1.865473105786837,0.7016619773703702,0.7016619773703702,21.30714817505563,-1.277529405823483,1984.518358677206,5912.852158822332,44.19047619047619,0,0.28496852448948257,4h,55,3.0,5.0,200,0.0,0.02,3.0
135,93724.24733097905,8.372424733097905,0.28507535215160784,-0.2514152065228072,1.1354785463944324,0.8223328444174851,1.1338826958573294,0.34074074074074073,1.7598648531077115,0.6500084739719876,0.6500084739719876,21.30714817505563,-1.2775294058234827,6171.738705294712,14494.197170773605,44.24444444444445,0,0.3056962997082758,4h,55,3.0,5.0,100,0.6,0.02,3.0
137,93665.85236921154,8.366585236921154,0.2849855857217787,-0.25141520652280747,1.1336743845637642,0.8274426706035829,1.1335256513051284,0.3357664233576642,1.804813339775777,0.6369899654726637,0.6369899654726637,21.307148175055637,-1.277529405823483,5991.313591482307,14017.259089946983,44.13868613138686,0,0.3094835969087466,4h,55,3.0,5.0,0,0.6,0.02,3.0
200,307101.7172010392,29.71017172010392,0.46791137895690826,-0.4135810721553257,1.2473062778898258,0.9822208893997236,1.1313655543239614,0.29,1.5253563393529683,0.7556817402976018,0.7556817402976018,30.035265497183698,-1.2964813488649078,41773.13535695379,67407.53524650069,34.52,0,0.353344592865551,4h,30,2.0,5.0,0,0.6,0.02,3.0
184,35321.51488768773,2.532151488768773,0.15193023944872608,-0.1351204807242417,1.1195989848607006,0.812685999943602,1.12440570544439,0.3858695652173913,1.7995569560376479,0.37569573156139335,0.37569573156139335,12.109075937802526,-1.106102526648584,2113.766985557744,3358.0214088411003,26.342391304347824,0,0.24806796663084088,4h,30,3.0,3.5,200,0.0,0.02,3.0
159,46217.73723563308,3.621773723563308,0.1871732447537353,-0.1671341627001646,0.9940781689078736,0.6783694983475612,1.1198981807778008,0.36477987421383645,1.7334408959979162,0.3443898949476402,0.3443898949476402,12.109075937802526,-1.1101031506692267,3492.7209759377074,4917.416674893677,26.358490566037737,0,0.21449408874558576,4h,55,3.0,3.5,200,0.6,0.02,3.0
298,154014.23982681494,14.401423982681495,0.35864504582428003,-0.3229337616780747,1.2297161795175506,1.124918804880971,1.1105839289166832,0.40604026845637586,1.4819165199014952,0.33237444778344327,0.33237444778344327,13.505698661486198,-1.1981775060058113,20240.93319880345,20908.23106938133,26.06711409395973,0,0.3975638466656431,4h,10,2.5,3.5,100,0.6,0.02,3.0
140,131893.779329169,12.1893779329169,0.3352380199224354,-0.3034953073023852,1.1617552173802936,0.8360392086193386,1.1045904561167517,0.32857142857142857,1.6926766028694866,0.7690456752755637,0.7690456752755637,25.47125319835535,-1.3621046275079176,11018.70561554414,23277.59511065315,41.65714285714286,0,0.2984799631506218,4h,55,2.5,5.0,0,0.6,0.02,3.0
138,60208.573700212655,5.0208573700212655,0.22288848374195558,-0.2019617124586898,1.1332476586567835,0.8152187516092281,1.1036175175408371,0.3333333333333333,1.8314910042488388,0.7843931349841305,0.7843931349841305,25.47125319835535,-1.3621046275079178,3327.572564093898,8869.585715575791,41.94202898550725,0,0.2962280567070986,4h,55,2.5,5.0,100,0.0,0.02,3.0
172,45423.21732280404,3.5423217322804037,0.18486814368684557,-0.16802314307219915,0.9747026245917886,0.6911783174396379,1.1002540501662212,0.36627906976744184,1.6927768038559041,0.32059176008687995,0.32059176008687995,12.109075937802524,-1.1101031506692267,3648.679811285592,4918.730908130868,26.238372093023255,0,0.2309739495368238,4h,55,3.0,3.5,0,0.6,0.02,3.0
298,57209.11991442582,4.720911991442582,0.2159042524893222,-0.19726738934470087,1.148147159551053,1.0653819307048855,1.0944751345193486,0.40604026845637586,1.4569054492071238,0.3323744477834432,0.3323744477834432,13.505698661486202,-1.198177506005811,6358.002530097634,8136.468654260923,26.06711409395973,0,0.3975638466656431,4h,10,2.5,3.5,100,0.0,0.02,3.0
243,55389.080232103035,4.538908023210303,0.21150608524097314,-0.19405005331158265,1.1935314515366473,1.011251995288854,1.0899563366847504,0.40329218106995884,1.6098236510288417,0.3925128896442597,0.3925128896442597,14.47558052705357,-1.198177506005811,5036.518378694501,6720.7735803910955,26.31687242798354,0,0.3272941296893393,4h,20,2.5,3.5,100,0.0,0.02,3.0
241,82824.93466945805,7.282493466945805,0.2673913334950695,-0.2508724942307466,1.1822259290991282,0.9826769413169663,1.0658455575808532,0.4066390041493776,1.582267942307427,0.31641144978765107,0.31641144978765107,12.109075937802526,-1.1440453091118181,8840.153867558056,10103.943207498884,26.775933609958507,0,0.33026255181943803,4h,20,3.0,3.5,100,0.6,0.02,3.0
227,159156.23162719427,14.915623162719427,0.3636553829438811,-0.3431752132212917,1.1322792948478562,1.0150513810146125,1.0596784643341448,0.31718061674008813,1.5588780930965969,0.5069996261739617,0.5069996261739617,26.591993089136555,-1.198177506005811,16901.947475567176,29315.85920757256,40.5374449339207,0,0.4709555248477404,4h,20,2.5,5.0,0,0.6,0.02,3.0
200,110316.13033029423,10.031613033029423,0.3087679671460375,-0.29168798858652106,1.1972035530752942,0.9503652973570453,1.0585556458539263,0.29,1.6588262986459599,0.7556817402976018,0.7556817402976018,30.0352654971837,-1.2964813488649078,10186.817514632681,20068.110070978197,34.52,0,0.353344592865551,4h,30,2.0,5.0,0,0.0,0.02,3.0
261,166438.4717371284,15.643847173712839,0.37051067330902776,-0.3517902458907748,1.1873927409587086,0.9773969197001628,1.053214742696605,0.36015325670498083,1.422265549763529,0.4226095473079747,0.4226095473079747,17.99174956742042,-1.2900300374782285,28598.855711870092,27573.271705040515,23.24904214559387,0,0.31055837043860995,4h,20,2.0,3.5,100,0.6,0.02,3.0
159,26893.94908421829,1.689394908421829,0.11726758733788545,-0.11179273030441836,0.9363669136431361,0.6306954316620221,1.0489732831335161,0.36477987421383645,1.6869616388976476,0.3443898949476402,0.3443898949476402,12.109075937802526,-1.1101031506692265,1516.1028232402502,2687.6168501474694,26.358490566037737,0,0.21449408874558576,4h,55,3.0,3.5,200,0.0,0.02,3.0
188,43531.35947228819,3.353135947228819,0.17923186447379047,-0.1730419973693172,1.1211529846963684,0.8068040233369543,1.035770894919009,0.3723404255319149,1.7150290860473214,0.4361941168675281,0.4361941168675281,14.475580527053573,-1.1274600358793958,3186.390660054866,4807.118410579812,25.356382978723403,0,0.2439735912789805,4h,30,2.5,3.5,200,0.0,0.02,3.0
192,108469.2133580006,9.84692133580006,0.3062936063002959,-0.2960584847411187,1.1232031318699283,0.9527297560457669,1.034571282657638,0.3333333333333333,1.5618014428645122,0.4848534279292192,0.4848534279292192,20.16153279799161,-1.1655504990466297,9766.527227165487,19921.452950253093,44.145833333333336,0,0.4337990685296075,4h,20,3.0,5.0,100,0.6,0.02,3.0
188,88643.70764710363,7.864370764710364,0.27707298725008234,-0.268121707490225,1.1536124464304875,0.8300156216738439,1.0333851363384432,0.3723404255319149,1.680564295816141,0.4361941168675281,0.4361941168675281,14.475580527053573,-1.1274600358793958,8661.42781721234,10360.470724808474,25.356382978723403,0,0.2439735912789805,4h,30,2.5,3.5,200,0.6,0.02,3.0
138,132228.93477681256,12.222893477681255,0.33561788817778293,-0.32579835919294126,1.1642340694702418,0.8335818374464398,1.0301398969877145,0.3333333333333333,1.6563063506292812,0.7843931349841305,0.7843931349841305,25.471253198355356,-1.3621046275079176,11380.285452259324,24116.10554908266,41.94202898550725,0,0.2962280567070986,4h,55,2.5,5.0,100,0.6,0.02,3.0
237,64995.0825855429,5.49950825855429,0.23341865318584953,-0.22659983159662375,1.0642347298490382,0.9800318472949254,1.0300919093415928,0.3037974683544304,1.4653175442270596,0.4922935203696507,0.4922935203696507,27.33358618571276,-1.1981775060058115,6095.542344284075,12761.508994083688,39.742616033755276,0,0.4820615179896617,4h,10,2.5,5.0,100,0.0,0.02,3.0
148,108207.70553724596,9.820770553724596,0.3059402392327488,-0.2999377775664138,1.148443872295933,0.8532267765364814,1.0200123562794816,0.3581081081081081,1.7411930787509338,0.6597877277707597,0.6597877277707597,21.307148175055637,-1.1206426534184668,7574.076521280713,17143.152508000516,43.101351351351354,0,0.3264752546189672,4h,30,3.0,5.0,200,0.6,0.02,3.0
148,51927.68690068094,4.192768690068094,0.20277512953703036,-0.19926939325144682,1.140758943094162,0.8516041853818934,1.017592949064485,0.3581081081081081,1.8651753375982265,0.6597877277707598,0.6597877277707598,21.307148175055637,-1.1206426534184666,2515.940648624419,6989.418057262194,43.101351351351354,0,0.3264752546189672,4h,30,3.0,5.0,200,0.0,0.02,3.0
262,129329.06658059705,11.932906658059705,0.3323024383633191,-0.3271552481073778,1.1978789646472399,1.0179584330020224,1.0157331734267392,0.3931297709923664,1.5089848640915307,0.3523995646235036,0.3523995646235036,13.5056986614862,-1.198177506005811,16092.319616285706,17353.413881220116,25.72519083969466,0,0.34495112339423717,4h,10,2.5,3.5,200,0.6,0.02,3.0
126,92518.74581423338,8.251874581423337,0.28321206746856364,-0.2800520151439857,1.13506963238409,0.7930207158568445,1.0112838049851318,0.3492063492063492,1.7342420341228284,0.7016619773703702,0.7016619773703702,21.30714817505563,-1.277529405823483,6134.340910369036,14545.521449600205,44.19047619047619,0,0.28496852448948257,4h,55,3.0,5.0,200,0.6,0.02,3.0
172,27046.88171275892,1.7046881712758921,0.11797790183752666,-0.11731446020245409,0.9255043377396642,0.6490284331202856,1.0056552417658287,0.36627906976744184,1.6534407275682685,0.32059176008687995,0.32059176008687995,12.109075937802526,-1.1101031506692267,1623.8677086058556,2742.3882812158977,26.238372093023255,0,0.2309739495368238,4h,55,3.0,3.5,0,0.0,0.02,3.0
249,258824.35287272444,24.882435287272443,0.44004013687642196,-0.4375805779100225,1.1627780720892429,1.022758045616863,1.0056208138353555,0.2570281124497992,1.4116115974742318,0.5896846155810354,0.5896846155810354,33.06017376738558,-1.2964813488649078,43006.4228441249,62803.41469748146,34.30120481927711,0,0.437125748502994,4h,20,2.0,5.0,0,0.6,0.02,3.0
237,169410.21132309127,15.941021132309128,0.373231891934626,-0.37273719817941925,1.12995920832704,1.0253091509093797,1.0013271918059776,0.3037974683544304,1.4446239622856372,0.49229352036965074,0.49229352036965074,27.333586185712758,-1.1981775060058113,20490.222493089906,35300.24097545257,39.742616033755276,0,0.4820615179896617,4h,10,2.5,5.0,100,0.6,0.02,3.0
262,50758.9104942207,4.0758910494220695,0.19971007154840748,-0.2022077965752719,1.1233645629922597,0.9637623192182252,0.9876477313478135,0.3931297709923664,1.500540631067073,0.3523995646235036,0.3523995646235036,13.505698661486196,-1.198177506005811,5168.031694449926,7020.821613718916,25.72519083969466,0,0.34495112339423717,4h,10,2.5,3.5,200,0.0,0.02,3.0
170,45209.44350863686,3.5209443508636857,0.1842418218230466,-0.18952577086884553,0.9738693577889658,0.6866203278138914,0.972120155366863,0.3588235294117647,1.6624817662860896,0.3249809653454974,0.3249809653454974,12.109075937802528,-1.1101031506692267,3711.998684936727,5029.004468929718,26.3,0,0.2288244024770971,4h,55,3.0,3.5,100,0.6,0.02,3.0
207,60560.55235102122,5.056055235102122,0.22368769600293636,-0.23023657748230292,1.0680914573167557,0.9162277216128208,0.9715558598421663,0.30434782608695654,1.4973835848673265,0.5383762615678166,0.5383762615678166,24.105273082052054,-1.1981775060058113,5478.974076704225,12166.1067645152,39.68599033816425,0,0.42044116894416295,4h,10,2.5,5.0,200,0.0,0.02,3.0
173,84260.39414852494,7.426039414852493,0.2698345620076623,-0.2794895929313815,1.0371113928678397,0.8132163043447255,0.9654547748184327,0.32947976878612717,1.5810828905340857,0.4866281321154005,0.4866281321154005,20.161532797991608,-1.1206426534184666,6940.616292987883,15090.315750927482,41.861271676300575,0,0.37064332872716105,4h,30,3.0,5.0,100,0.6,0.02,3.0
139,184754.80308447574,17.475480308447576,0.38664252662496446,-0.4046402949790973,1.195319270732616,0.8038233018454388,0.9555215617983311,0.30935251798561153,1.6753514172715032,0.9686379583178609,0.9686379583178609,31.65830951350763,-1.2131862899729149,19277.526734046685,35264.515805477226,36.17985611510792,0,0.25738267055632325,4h,55,2.0,5.0,200,0.6,0.02,3.0
293,96511.10986145175,8.651110986145175,0.2893027108178099,-0.30355329494949734,1.180908279821066,1.0723397755667397,0.9530540950508927,0.41638225255972694,1.475083042192849,0.2763360739418545,0.2763360739418545,11.296030509846569,-1.1440453091118181,11719.642442476945,12899.91281813377,27.003412969283275,0,0.40493372229899177,4h,10,3.0,3.5,100,0.6,0.02,3.0
176,154968.37982824468,14.496837982824468,0.35958586799914416,-0.3832822128524919,1.1665356870257406,0.9100363523016977,0.9381752033912739,0.32386363636363635,1.5775104036773182,0.6483482188273428,0.6483482188273428,24.10527308205206,-1.1621579872395253,15633.56744717375,30249.252153550602,39.86363636363637,0,0.35907671835815547,4h,30,2.5,5.0,100,0.6,0.02,3.0
241,39955.300567467304,2.9955300567467305,0.16795626254462048,-0.1792904295125115,1.1333456088735014,0.9550833795313762,0.9367832014307262,0.4066390041493776,1.586283624332481,0.31641144978765107,0.31641144978765107,12.109075937802526,-1.1440453091118183,3270.160399217328,4551.257194227476,26.775933609958507,0,0.33026255181943803,4h,20,3.0,3.5,100,0.0,0.02,3.0
135,44162.89240834354,3.416289240834354,0.18113712326005182,-0.1937174425333063,1.0780699348347471,0.7846914599421252,0.9350584071896804,0.34074074074074073,1.8354952037519736,0.6500084739719877,0.6500084739719877,21.307148175055637,-1.277529405823483,2024.4667441405786,5930.338103198776,44.24444444444445,0,0.3056962997082758,4h,55,3.0,5.0,100,0.0,0.02,3.0
297,133197.46686191956,12.319746686191955,0.3367108461437198,-0.3603281511913908,1.0823949683453682,0.9360790943551246,0.9344561201516379,0.3501683501683502,1.3830820069400707,0.33276637869315784,0.33276637869315784,17.99174956742042,-1.2900300374782285,24974.757114872664,23479.942825037975,22.996632996632997,0,0.3495572956650801,4h,20,2.0,3.5,0,0.6,0.02,3.0
262,105714.35095567754,9.571435095567754,0.3025324245384846,-0.32395053044766525,1.128390300273523,1.0222476215349825,0.933884640103589,0.2633587786259542,1.4264743203916632,0.5844008006783249,0.5844008006783249,34.0499904362124,-1.3296314926900479,13423.36753249374,23065.397511478062,33.48091603053435,0,0.44894825733149085,4h,10,2.0,5.0,100,0.0,0.02,3.0
129,131044.86821642598,12.104486821642599,0.33427200769732845,-0.359782464173981,1.1667807333694244,0.8045541907219117,0.9290947752686568,0.34108527131782945,1.6401176093320649,0.8458711246754258,0.8458711246754258,25.47125319835535,-1.3621046275079178,11345.339522591228,24217.787848440683,41.689922480620154,0,0.27524438302881415,4h,55,2.5,5.0,200,0.6,0.02,3.0
137,43736.3968355811,3.3736396835581104,0.17985311297533646,-0.19371744253330875,1.0699158827494846,0.7843714602100361,0.9284301435293397,0.3357664233576642,1.8619261502417777,0.6369899654726638,0.6369899654726638,21.307148175055637,-1.277529405823483,1972.4257897659704,5754.093852535473,44.13868613138686,0,0.3094835969087466,4h,55,3.0,5.0,0,0.0,0.02,3.0
274,167718.41459199396,15.771841459199397,0.37168796195161113,-0.40048663039232396,1.1570073591451744,0.9711398570908355,0.928090811889273,0.3686131386861314,1.3808894560292908,0.4070708023208886,0.4070708023208886,16.790083657531763,-1.2900300374782283,30662.170664874135,28452.102636007992,23.54014598540146,0,0.33010901274374327,4h,10,2.0,3.5,200,0.6,0.02,3.0
212,62323.03744393191,5.2323037443931915,0.22762865680680022,-0.24544899092196662,1.0861613526743839,0.8426471829760498,0.9273969958147766,0.37264150943396224,1.6313009527266182,0.30710184610970204,0.30710184610970204,12.109075937802528,-1.106102526648584,5822.437612606662,7018.937873505563,25.81132075471698,0,0.2800552740672501,4h,30,3.0,3.5,100,0.6,0.02,3.0
293,42670.292845871154,3.2670292845871156,0.1765941946329348,-0.19227451189903963,1.118104852139235,1.0346588690610252,0.9184482794352986,0.41638225255972694,1.458312791099236,0.2763360739418545,0.2763360739418545,11.296030509846569,-1.1440453091118181,4236.336122518539,5661.2600783943,27.003412969283275,0,0.40493372229899177,4h,10,3.0,3.5,100,0.0,0.02,3.0
255,95144.74720934956,8.514474720934956,0.28724383133409614,-0.3134214003832079,1.2064833634127323,1.0209593522828881,0.9164780419680804,0.4117647058823529,1.5598705002366016,0.3109036812050711,0.3109036812050711,11.296030509846569,-1.1440453091118181,10173.005014146105,11577.779276833593,26.850980392156863,0,0.3504273504273504,4h,10,3.0,3.5,200,0.6,0.02,3.0
255,41704.43806022605,3.170443806022605,0.17357869165804063,-0.18999974130328443,1.1481364360436042,0.9828903930561325,0.9135733052444954,0.4117647058823529,1.5481200056029463,0.31090368120507117,0.31090368120507117,11.296030509846569,-1.144045309111818,3609.2567055927907,5122.171007749971,26.850980392156863,0,0.3504273504273504,4h,10,3.0,3.5,200,0.0,0.02,3.0
261,67668.63039676678,5.766863039676678,0.23900410600074706,-0.2628815311865428,1.126234477514527,0.9406887529429512,0.9091703967257703,0.36015325670498083,1.476893854056811,0.42260954730797473,0.42260954730797473,17.99174956742042,-1.2900300374782283,8507.887804955408,10226.85357808437,23.24904214559387,0,0.31055837043860995,4h,20,2.0,3.5,100,0.0,0.02,3.0
170,27104.86899199834,1.710486899199834,0.11824629875234782,-0.13152726743865253,0.9291613882650646,0.6485041541935608,0.8990249782806499,0.3588235294117647,1.638948296881646,0.3249809653454975,0.3249809653454975,12.109075937802526,-1.1101031506692265,1645.6428872655147,2794.2900367146603,26.3,0,0.2288244024770971,4h,55,3.0,3.5,100,0.0,0.02,3.0
225,52723.62185808876,4.272362185808876,0.2048275568500244,-0.23001013907705425,0.9890427125599841,0.779917998858789,0.890515338462564,0.3688888888888889,1.576337639469666,0.270650283751597,0.270650283751597,12.109075937802524,-1.1061025266485838,5185.839414532574,6141.673947186824,25.72888888888889,0,0.2962792363989969,4h,30,3.0,3.5,0,0.6,0.02,3.0
278,104317.76887222636,9.431776887222636,0.30059232579535644,-0.3387239021779536,1.119558974290152,0.9873632095271992,0.8874257879723995,0.38848920863309355,1.4932653832097922,0.30805019345125306,0.30805019345125306,14.47558052705357,-1.1981775060058113,13925.474286641405,14290.202414324558,26.18705035971223,0,0.37258815701929476,4h,20,2.5,3.5,0,0.6,0.02,3.0
169,42754.49486123085,3.275449486123085,0.17685420171598176,-0.20210598102157953,0.9888752452712578,0.6568997821213589,0.8750567441005046,0.33136094674556216,1.649774476912191,0.4950472756348368,0.4950472756348368,17.991749567420424,-1.2900300374782285,3541.05401080479,5552.10768679842,23.502958579881657,0,0.20328573621986795,4h,55,2.0,3.5,200,0.0,0.02,3.0
181,44119.46594426071,3.4119465944260705,0.1810068879552249,-0.20697063854052158,0.9895855533458772,0.685750195486672,0.8745534595226492,0.3370165745856354,1.623486957287336,0.4722597030992275,0.4722597030992275,17.99174956742042,-1.2900300374782285,3819.24006023839,5747.398668708689,23.773480662983424,0,0.22022621423819028,4h,55,2.0,3.5,0,0.0,0.02,3.0
176,65257.31342184161,5.5257313421841605,0.23397542715030717,-0.26769605679808267,1.118923635273922,0.8802044289337008,0.874033894816724,0.32386363636363635,1.681471201088871,0.6483482188273428,0.6483482188273428,24.10527308205206,-1.1621579872395258,4493.813674245543,10604.337056115386,39.86363636363637,0,0.35907671835815547,4h,30,2.5,5.0,100,0.0,0.02,3.0
207,124448.29245411552,11.444829245411553,0.3265701500260101,-0.37465821125284304,1.0607447490431425,0.8986553605015152,0.871648185512795,0.30434782608695654,1.4087853728272597,0.5383762615678167,0.5383762615678167,24.105273082052058,-1.1981775060058113,16171.291721262834,28821.002315904043,39.68599033816425,0,0.42044116894416295,4h,10,2.5,5.0,200,0.6,0.02,3.0
274,67222.22502975464,5.722222502975464,0.2380852828588762,-0.2754039922322586,1.1165298577431715,0.9460892835778749,0.8644946681023051,0.3686131386861314,1.4214030764770327,0.4070708023208886,0.4070708023208886,16.790083657531763,-1.2900300374782283,9361.431289107899,11251.017986724844,23.54014598540146,0,0.33010901274374327,4h,10,2.0,3.5,200,0.0,0.02,3.0
224,127074.5468431503,11.70745468431503,0.32967889805698336,-0.39002678129844226,1.1414229656731678,0.8704742566329339,0.8452724629817621,0.3482142857142857,1.430949175130994,0.46071975096460854,0.46071975096460854,17.991749567420417,-1.2900300374782285,20377.650970096645,21172.86332731787,23.245535714285715,0,0.2664926557142126,4h,30,2.0,3.5,100,0.6,0.02,3.0
375,159658.98341285833,14.965898341285833,0.3641375173386696,-0.4338183206735732,1.192816651019273,1.2158885385838303,0.8393779146378308,0.368,1.3660169885767268,0.26936468572931116,0.26936468572931116,13.505698661486202,-1.198177506005811,26200.391261691704,25958.097042218385,26.36,0,0.5059112544142484,4h,10,2.5,3.5,0,0.6,0.02,3.0
190,115893.0036202947,10.58930036202947,0.31602240813851923,-0.3766000896378862,1.0537809917709087,0.8395206575521396,0.839145865425538,0.32105263157894737,1.5092738520679234,0.5564619587188102,0.5564619587188102,24.10527308205206,-1.1621579872395256,12616.018088618139,24228.731945301275,39.142105263157895,0,0.38062336864732077,4h,30,2.5,5.0,0,0.6,0.02,3.0
169,80716.07587780264,7.071607587780264,0.2637328606867464,-0.3171949238353875,1.0222340275599902,0.688378708338114,0.8314535979888948,0.33136094674556216,1.591284421429993,0.4950472756348368,0.4950472756348368,17.99174956742042,-1.2900300374782283,9433.295245471852,11596.782395656583,23.502958579881657,0,0.20328573621986795,4h,55,2.0,3.5,200,0.6,0.02,3.0
192,47867.44245474107,3.7867442454741065,0.19184918985211352,-0.23196186852549763,1.0615687294912868,0.9135791034987402,0.8270721005639129,0.3333333333333333,1.5984322271176743,0.4848534279292192,0.4848534279292192,20.16153279799161,-1.1655504990466294,3128.4612675267613,7603.009798684887,44.145833333333336,0,0.4337990685296075,4h,20,3.0,5.0,100,0.0,0.02,3.0
298,138703.95019749866,12.870395019749866,0.34279384590617634,-0.4211421659334815,1.0391149109979716,1.0534932816243432,0.8139622997530005,0.3053691275167785,1.2922965257958117,0.37238705369433106,0.37238705369433106,28.21033606164943,-1.1981775060058113,23251.49464107545,38691.938320365596,39.869127516778526,0,0.6080659194431649,4h,10,2.5,5.0,0,0.6,0.02,3.0
181,81604.5497556273,7.160454975562731,0.2652844215538097,-0.326153045896469,1.015264364867718,0.7127939423538417,0.8133740429271329,0.3370165745856354,1.562913463014326,0.4722597030992275,0.4722597030992275,17.99174956742042,-1.2900300374782283,9987.389878634836,11762.168739839202,23.773480662983424,0,0.22022621423819028,4h,55,2.0,3.5,0,0.6,0.02,3.0
220,91727.40874178175,8.172740874178174,0.28197718134765504,-0.3468412431866337,1.04042784463867,0.9402674834146031,0.812986306809898,0.33181818181818185,1.4862212950353142,0.4053712094833357,0.4053712094833357,22.24064028663535,-1.1655504990466297,9283.07177197731,18313.381352622535,44.372727272727275,0,0.49961615231076306,4h,20,3.0,5.0,0,0.6,0.02,3.0
179,44075.93055232393,3.407593055232393,0.180876211676966,-0.22457101869459797,0.9909475223085963,0.6835779214662111,0.8054298935293424,0.329608938547486,1.6022227429352818,0.4772635455264544,0.4772635455264544,17.991749567420417,-1.2900300374782283,3887.897108975863,5874.285692837057,23.821229050279328,0,0.21823020625415834,4h,55,2.0,3.5,100,0.0,0.02,3.0
186,67126.21039205126,5.712621039205126,0.23788695101047264,-0.2969083943393657,0.9355580828487416,0.753792782415484,0.8012132884951993,0.3333333333333333,1.5116095662247806,0.41745261824006097,0.41745261824006097,20.161532797991608,-1.1206426534184666,5958.002209327353,12764.336847968867,41.70967741935484,0,0.39705204974666053,4h,30,3.0,5.0,0,0.6,0.02,3.0
224,60424.88661435203,5.042488661435203,0.22338013940861123,-0.27884002176422,1.1127083005070442,0.8538843263596356,0.8011050135317224,0.3482142857142857,1.51004938316279,0.46071975096460854,0.46071975096460854,17.99174956742042,-1.2900300374782285,6876.890624069867,8942.749928693413,23.245535714285715,0,0.2664926557142126,4h,30,2.0,3.5,100,0.0,0.02,3.0
238,99404.64559393818,8.940464559393819,0.2935787031707946,-0.3692817985969216,1.0369642653787772,0.8036504110399668,0.7949991152725119,0.3445378151260504,1.4042273425767247,0.404024699903366,0.404024699903366,17.99174956742042,-1.2900300374782285,16612.19967807164,17185.51441108023,22.949579831932773,0,0.27954347714826755,4h,30,2.0,3.5,0,0.6,0.02,3.0
190,55065.790952370655,4.506579095237066,0.21071145958638304,-0.2669469767838626,1.0199068693610833,0.8236398067407914,0.7893382503334682,0.32105263157894737,1.5943070881444892,0.55646195871881,0.55646195871881,24.105273082052054,-1.1621579872395253,4090.0066256553514,9465.42364550061,39.142105263157895,0,0.38062336864732077,4h,30,2.5,5.0,0,0.0,0.02,3.0
227,64568.65552003906,5.456865552003905,0.23250898092842798,-0.2956889628474303,1.0755660437802732,0.980738836263127,0.7863295900171899,0.31718061674008813,1.621929527703532,0.5069996261739617,0.5069996261739617,26.591993089136558,-1.1981775060058113,4939.110863611676,10343.088537587357,40.5374449339207,0,0.4709555248477404,4h,20,2.5,5.0,0,0.0,0.02,3.0
249,98544.87951840587,8.854487951840587,0.2923198305182746,-0.37348277709908917,1.1144102575927968,0.9964397455599795,0.7826862400156108,0.2570281124497992,1.5212505821164444,0.5896846155810354,0.5896846155810354,33.060173767385585,-1.2964813488649078,10796.426225314546,19145.66844116182,34.30120481927711,0,0.437125748502994,4h,20,2.0,5.0,0,0.0,0.02,3.0
212,32373.011893512863,2.237301189351286,0.14073067754525748,-0.18034412977201308,1.0125970986189596,0.7830540714713351,0.7803452084809523,0.37264150943396224,1.5830867213281945,0.30710184610970204,0.30710184610970204,12.109075937802524,-1.1061025266485838,2371.176118542188,3497.9426749886215,25.81132075471698,0,0.2800552740672501,4h,30,3.0,3.5,100,0.0,0.02,3.0
228,41889.88062082494,3.188988062082494,0.17416243957920297,-0.22338193945471158,0.949507941952799,0.8733646030345779,0.7796621338517505,0.3157894736842105,1.4168258959697921,0.3868523488364127,0.3868523488364127,22.830283505896606,-1.1655504990466297,3524.0495854523847,8096.916723197555,42.80263157894737,0,0.4994626132350683,4h,10,3.0,5.0,100,0.0,0.02,3.0
199,44527.920824919594,3.4527920824919596,0.1822273653551254,-0.23406077498173608,1.0184838484548109,0.8748852817393304,0.7785472186415888,0.3165829145728643,1.4972755163996316,0.4530927218658185,0.4530927218658185,20.13076838394177,-1.1655504990466297,3391.8696397038866,8177.974175040958,42.562814070351756,0,0.43349199037821795,4h,10,3.0,5.0,200,0.0,0.02,3.0
67,19074.507685624245,0.9074507685624245,0.07498016360402238,-0.09633574408586341,0.85683135999343,0.7938711452438983,0.7783213210788412,0.4626865671641791,2.4211343292718155,0.3287497753008679,0.3287497753008679,5.6479136811882675,-1.0366182327612548,254.32235839978622,1231.9893612787296,13.91044776119403,0,0.28588957055214725,1d,20,3.0,2.5,0,0.6,0.02,3.0
320,152782.3499886363,14.27823499886363,0.35742266641889064,-0.45964316624338863,1.0870417715759397,0.9769541778780028,0.7776090077441279,0.36875,1.2951913568094837,0.34159901382620794,0.34159901382620794,16.790083657531763,-1.2900300374782283,33690.951732678455,30292.674215944557,23.059375,0,0.377654946517222,4h,10,2.0,3.5,100,0.6,0.02,3.0
275,70054.37484139089,6.005437484139089,0.2438252375572676,-0.3155288541763116,1.0740176011592213,0.9424083151969957,0.7727509998848556,0.3927272727272727,1.4848532672675838,0.25018259351404,0.25018259351404,12.109075937802528,-1.1440453091118183,8528.12762367537,9311.062285536987,26.901818181818182,0,0.3786273606632888,4h,20,3.0,3.5,0,0.6,0.02,3.0
278,45204.68670429117,3.520468670429117,0.1842278552907115,-0.23929345292763157,1.0371342169021827,0.9323042391297921,0.7698825564877727,0.38848920863309355,1.5017844574602375,0.3080501934512531,0.3080501934512531,14.475580527053571,-1.198177506005811,4598.67821385195,5813.171040282488,26.18705035971223,0,0.37258815701929476,4h,20,2.5,3.5,0,0.0,0.02,3.0
297,53195.48712853854,4.3195487128538534,0.20603137285488726,-0.26787200271505285,0.9747934588439079,0.8591105351533561,0.7691411225011515,0.3501683501683502,1.4040755936667577,0.3327663786931579,0.3327663786931579,17.99174956742042,-1.2900300374782283,7385.08626959713,8600.954422776258,22.996632996632997,0,0.3495572956650801,4h,20,2.0,3.5,0,0.0,0.02,3.0
238,52354.16802372992,4.235416802372992,0.20387831567301218,-0.2663532658210133,1.0226366077773488,0.8013244006329386,0.7654432734082425,0.3445378151260504,1.4619914843170283,0.4040246999033661,0.4040246999033661,17.991749567420424,-1.2900300374782285,6313.903510425786,8089.790079620027,22.949579831932773,0,0.27954347714826755,4h,30,2.0,3.5,0,0.0,0.02,3.0
215,86333.57283562764,7.6333572835627646,0.27329877904699873,-0.361930694901622,1.1129101648027615,0.8574469606019023,0.7551135697990061,0.3627906976744186,1.528899161029139,0.37218028829374405,0.37218028829374405,14.475580527053568,-1.1274600358793956,10181.678884704894,11608.680460406267,25.144186046511628,0,0.2766774144019653,4h,30,2.5,3.5,100,0.6,0.02,3.0
225,29724.64487763049,1.972464487763049,0.12987027899690662,-0.1724053642187768,0.9353965024331763,0.7403090586448915,0.753284444398757,0.3688888888888889,1.5242300715769979,0.270650283751597,0.270650283751597,12.109075937802524,-1.1061025266485838,2300.3160937416496,3311.2779201725293,25.72888888888889,0,0.2962792363989969,4h,30,3.0,3.5,0,0.0,0.02,3.0
179,80695.66968095022,7.069566968095021,0.263697047097998,-0.350159643518991,1.0127024294182339,0.7070440289613824,0.7530766379812595,0.329608938547486,1.5315557102898905,0.47726354552645456,0.47726354552645456,17.991749567420424,-1.2900300374782283,10204.169865665424,12068.916206890786,23.821229050279328,0,0.21823020625415834,4h,55,2.0,3.5,100,0.6,0.02,3.0
175,31646.126398679437,2.1646126398679435,0.13783081679713605,-0.18321711401098906,0.92041991641174,0.6414407246775199,0.7522813441372578,0.35428571428571426,1.58347269012686,0.37247438430752666,0.37247438430752666,14.475580527053571,-1.1320609949099083,2339.3728138749875,3771.6355711148144,25.474285714285713,0,0.22815906648241976,4h,55,2.5,3.5,0,0.0,0.02,3.0
162,31438.756840464677,2.143875684046468,0.1369926880586143,-0.18250966265859347,0.9313959378819211,0.6231036751539026,0.7506051244797696,0.35185185185185186,1.613244147933521,0.3994475486310573,0.3994475486310573,14.475580527053573,-1.1320609949099083,2186.188501624545,3686.037950601442,25.5,0,0.21142330723169048,4h,55,2.5,3.5,200,0.0,0.02,3.0
68,20711.785000873755,1.0711785000873757,0.08493750715942383,-0.11478847083187206,0.8263899829197033,0.7627037286669093,0.7399480674660243,0.45588235294117646,2.2007206877924395,0.3707754801678926,0.3707754801678926,6.7697403178919116,-1.0442335745581546,332.0655780438849,1569.788571183122,13.617647058823529,0,0.28404907975460125,1d,20,2.5,2.5,0,0.6,0.02,3.0
162,56001.13373117024,4.600113373117024,0.21299926327082241,-0.2895579364483923,0.9788629183990941,0.6639350382870464,0.7356015375830844,0.35185185185185186,1.5858382241496292,0.3994475486310573,0.3994475486310573,14.475580527053571,-1.1320609949099085,5494.4189853032185,7294.560585432655,25.5,0,0.21142330723169048,4h,55,2.5,3.5,200,0.6,0.02,3.0
228,96669.14266581829,8.666914266581829,0.28953916723740236,-0.39428905363328764,1.0364203575820794,0.9346488336220146,0.7343322483070784,0.3157894736842105,1.4099143442457247,0.3868523488364127,0.3868523488364127,22.830283505896602,-1.1655504990466297,10745.208501341229,20629.739503149976,42.80263157894737,0,0.4994626132350683,4h,10,3.0,5.0,100,0.6,0.02,3.0
375,57072.64187342159,4.707264187342159,0.2155787913920837,-0.29538353233958325,1.0720532789338337,1.128936830990355,0.7298267093110891,0.368,1.3449323150999601,0.26936468572931116,0.26936468572931116,13.5056986614862,-1.1981775060058113,7927.81365417906,9600.475124081659,26.36,0,0.5059112544142484,4h,10,2.5,3.5,0,0.0,0.02,3.0
70,23342.347101732885,1.3342347101732885,0.09955924704198749,-0.13735078709925352,0.7965177900392149,0.7367986663920705,0.7248538515475939,0.44285714285714284,2.0800328393528247,0.42184449800616436,0.42184449800616436,8.447674245705441,-1.161223604710362,457.5660072511355,2070.3857869463945,12.82857142857143,0,0.2754601226993865,1d,20,2.0,2.5,0,0.6,0.02,3.0
199,89178.73803324564,7.917873803324564,0.27793462981319106,-0.38353320353010895,1.0341973858646958,0.8757202155342824,0.7246690175844763,0.3165829145728643,1.437182039492628,0.4530927218658186,0.4530927218658186,20.130768383941774,-1.1655504990466294,9483.383012529459,18448.588362829185,42.562814070351756,0,0.43349199037821795,4h,10,3.0,5.0,200,0.6,0.02,3.0
400,161373.1778465022,15.137317784650218,0.36577134236297626,-0.5078471577535416,1.0621183945086248,1.0590511430147238,0.7202390262081277,0.34,1.2377377939065015,0.2771312243905607,0.2771312243905607,16.790083657531763,-1.2900300374782285,42567.540403595165,37669.97289863456,23.3125,0,0.4772506269512258,4h,10,2.0,3.5,0,0.6,0.02,3.0
175,54856.45915502257,4.485645915502257,0.21019472223799207,-0.2947538882288082,0.9593160352828424,0.6767722109067992,0.7131194214300728,0.35428571428571426,1.5536120467921422,0.37247438430752666,0.37247438430752666,14.475580527053571,-1.1320609949099083,5713.506348801596,7293.408086005463,25.474285714285713,0,0.22815906648241976,4h,55,2.5,3.5,0,0.6,0.02,3.0
173,40160.77843156054,3.0160778431560535,0.16862795352639703,-0.23675737665427618,0.9676490743249372,0.7654930388078902,0.7122394913702528,0.32947976878612717,1.5972903716102593,0.4866281321154005,0.4866281321154005,20.161532797991608,-1.1206426534184666,2400.989909034307,6236.916218264383,41.861271676300575,0,0.37064332872716105,4h,30,3.0,5.0,100,0.0,0.02,3.0
368,97127.74264077391,8.71277426407739,0.29022340896347854,-0.41367124612979506,1.1334987814997919,1.1439495296003983,0.7015798455385438,0.37771739130434784,1.3554082868609265,0.22456688330333807,0.22456688330333807,11.29603050984657,-1.1440453091118183,14917.229489450314,15701.787435585782,27.27173913043478,0,0.5136393878908849,4h,10,3.0,3.5,0,0.6,0.02,3.0
54,24484.60802877946,1.4484608028779462,0.10545665455252906,-0.1506501116295782,0.8691056713588026,0.7170148988845799,0.7000104640601144,0.3888888888888889,2.445017403589553,0.5101066870553456,0.5101066870553456,10.422545615772925,-1.0700535034830727,273.21601420191996,2329.7343859162515,22.64814814814815,0,0.37515337423312883,1d,20,3.0,3.5,0,0.6,0.02,3.0
229,67988.55028823603,5.798855028823603,0.23965928291427763,-0.3424233714049531,0.9964242646945435,0.7788787821355535,0.699891721557914,0.35807860262008734,1.487173807650293,0.3222028279901556,0.3222028279901556,14.475580527053571,-1.1274600358793956,8407.385770358063,9456.679079441696,24.91703056768559,0,0.2920313219714417,4h,30,2.5,3.5,0,0.6,0.02,3.0
334,197542.5254781433,18.754252547814332,0.3970829989612572,-0.5699112496995208,1.0325111943244267,1.0219083669660103,0.6967453251196826,0.26047904191616766,1.2261681101189483,0.42430760493325587,0.42430760493325587,35.04533754247221,-1.3296314926900479,49403.87018942868,67259.81982618038,32.98203592814371,0,0.5637954859511746,4h,10,2.0,5.0,0,0.6,0.02,3.0
173,31700.80410770763,2.170080410770763,0.1380509960163807,-0.1989698778100037,0.9234523555314816,0.6404456580306757,0.6938286213765763,0.3468208092485549,1.5677949999625718,0.377267139922482,0.377267139922482,14.475580527053573,-1.1320609949099083,2378.8990631540482,3853.824032813802,25.526011560693643,0,0.22600951942269307,4h,55,2.5,3.5,100,0.0,0.02,3.0
275,34217.52699361269,2.4217526993612695,0.14783765707167373,-0.21795120802676424,0.9891386825007089,0.8870777502031911,0.678306206284112,0.3927272727272727,1.482045961885944,0.25018259351403993,0.25018259351403993,12.109075937802524,-1.1440453091118183,3115.2186150708494,4117.332014924198,26.901818181818182,0,0.3786273606632888,4h,20,3.0,3.5,0,0.0,0.02,3.0
215,41463.203561962364,3.1463203561962363,0.17281585939138222,-0.2559027366464085,1.0504171995795322,0.8098717903189249,0.6753185278755698,0.3627906976744186,1.5475028462718552,0.37218028829374405,0.37218028829374405,14.475580527053573,-1.1274600358793958,3671.5787709158694,5169.202661194604,25.144186046511628,0,0.2766774144019653,4h,30,2.5,3.5,100,0.0,0.02,3.0
283,64963.05672793881,5.4963056727938815,0.2333505186053224,-0.3493087053813702,0.9606771050444892,0.6953536186092468,0.6680352221698961,0.3957597173144876,1.3737720093290449,0.23387534365173143,0.23387534365173143,7.653712386859485,-1.2170298215565147,13642.790615879487,8174.010274758446,13.717314487632509,0,0.19867956394902503,4h,20,2.0,2.5,200,0.6,0.02,3.0
320,62873.11016449649,5.287311016449649,0.22883837614674607,-0.34357566463612493,1.0359215399525243,0.9487350518183091,0.6660494316124073,0.36875,1.3169434266923532,0.3415990138262079,0.3415990138262079,16.79008365753176,-1.2900300374782285,10695.894482115724,12181.17301309053,23.059375,0,0.377654946517222,4h,10,2.0,3.5,100,0.0,0.02,3.0
220,43319.47357265791,3.3319473572657907,0.1785871295983894,-0.26881545211310354,0.9784632807432202,0.905509083564695,0.6643484524217352,0.33181818181818185,1.5447783630541572,0.4053712094833358,0.4053712094833358,22.24064028663536,-1.1655504990466294,3019.7898437358253,7011.183441306266,44.372727272727275,0,0.49961615231076306,4h,20,3.0,5.0,0,0.0,0.02,3.0
44,37290.56475720455,2.729056475720455,0.15877213492198816,-0.2395049130690372,0.8315968939875913,0.7719366859989369,0.6629180708131117,0.3409090909090909,2.831154326038413,1.2338070083972168,1.2338070083972168,35.46360011145253,-1.145273134206356,433.8992883422462,7481.244111189893,33.88636363636363,0,0.4573619631901841,1d,10,2.0,5.0,100,0.6,0.02,3.0
368,42856.44893969017,3.2856448939690166,0.17716841745490197,-0.26735684373457136,1.0461192022411776,1.0967767547878648,0.6626664759357821,0.37771739130434784,1.3473061271814577,0.22456688330333807,0.22456688330333807,11.29603050984657,-1.1440453091118183,5328.162381615306,6677.179564531396,27.27173913043478,0,0.5136393878908849,4h,10,3.0,3.5,0,0.0,0.02,3.0
173,54491.87192917776,4.449187192917776,0.20929054068733843,-0.3165850105807808,0.9578685409326574,0.6717763122358158,0.6610879659254594,0.3468208092485549,1.526912584591117,0.377267139922482,0.377267139922482,14.475580527053573,-1.1320609949099083,5834.636810125265,7481.085289986006,25.526011560693643,0,0.22600951942269307,4h,55,2.5,3.5,100,0.6,0.02,3.0
249,51283.45736757461,4.128345736757461,0.2010933382846698,-0.3086002914926783,0.8967943229681631,0.6198237924187965,0.65163042235636,0.3895582329317269,1.3879408078837723,0.23460259679963447,0.23460259679963447,7.653712386859487,-1.1593832064475325,9706.662001964101,6282.6092899817695,13.497991967871487,0,0.1720149444700343,4h,30,2.0,2.5,200,0.6,0.02,3.0
284,87895.4306700646,7.789543067006459,0.27586014261923486,-0.42589804967337597,0.9766296778476008,0.9915442934615912,0.6477140311649556,0.3204225352112676,1.2787708168069065,0.30982258744678026,0.30982258744678026,23.60632154666144,-1.1655504990466297,13449.336347059283,24689.49614448632,43.41197183098591,0,0.6309944214135831,4h,10,3.0,5.0,0,0.6,0.02,3.0
350,81127.01263339291,7.112701263339291,0.26445236337753464,-0.41172412535901687,0.9916759208499076,0.7834498575998932,0.6423047547843751,0.3942857142857143,1.2941614451854384,0.21143034559527268,0.21143034559527268,8.065720693913507,-1.2170298215565145,21647.34541534691,12404.463659520832,14.094285714285714,0,0.2524694201340908,4h,10,2.0,2.5,200,0.6,0.02,3.0
229,36540.30387961303,2.6540303879613028,0.15631853467185608,-0.24446374137905416,0.9561280015935026,0.7532276698044231,0.6394344363300724,0.35807860262008734,1.4902733392282042,0.3222028279901556,0.3222028279901556,14.475580527053571,-1.1274600358793956,3424.082442081506,4704.974526378469,24.91703056768559,0,0.2920313219714417,4h,30,2.5,3.5,0,0.0,0.02,3.0
283,32728.183344727313,2.2728183344727313,0.14212664049762314,-0.22231295939866663,0.8850279775832536,0.646645190176119,0.6393088413831604,0.3957597173144876,1.381152412193101,0.23387534365173143,0.23387534365173143,7.653712386859488,-1.2170298215565147,4972.189638961703,3681.632157232066,13.717314487632509,0,0.19867956394902503,4h,20,2.0,2.5,200,0.0,0.02,3.0
33,42281.66153792473,3.228166153792473,0.1751842992562076,-0.2757792184250665,0.9105562494186299,0.7839836458769012,0.635233866629468,0.45454545454545453,3.2318266578425927,1.6266296323901444,1.6266296323901444,28.439831598620707,-1.0647430697195481,398.4988943384432,8791.888023341677,41.84848484848485,0,0.4236196319018405,1d,20,2.5,5.0,100,0.6,0.02,3.0
40,31850.192179545298,2.18501921795453,0.13849212502906183,-0.22051615494674354,0.8217967410479362,0.7621694458121425,0.6280361865665072,0.4,2.9593334809933607,1.1138437888988622,1.1138437888988622,28.439831598620703,-1.115965777307072,284.36440645450125,5500.9810702413315,39.3,0,0.4822085889570552,1d,10,2.5,5.0,100,0.6,0.02,3.0
249,28535.81605560473,1.853581605560473,0.12471309031161026,-0.20026492554456612,0.8270972602200606,0.5702791889997783,0.6227405521585313,0.3895582329317269,1.3830317695475225,0.23460259679963447,0.23460259679963447,7.653712386859487,-1.1593832064475327,3949.039232047218,3128.6143819517515,13.497991967871487,0,0.1720149444700343,4h,30,2.0,2.5,200,0.0,0.02,3.0
347,55303.31613057939,4.530331613057939,0.21129568438482504,-0.34025340593085757,0.9675815415879666,0.7605489433323365,0.6209950604513924,0.3976945244956772,1.332986533871081,0.16589887681250362,0.16589887681250362,6.466700883312172,-1.1079211600551966,11954.997527258158,7244.412443412886,14.363112391930835,0,0.2550795844209018,4h,10,2.5,2.5,200,0.6,0.02,3.0
59,25851.287307900224,1.5851287307900224,0.11219981919122834,-0.18178120707437076,0.7374962786151255,0.5881387818489713,0.6172245250045286,0.3559322033898305,1.9675741622654455,0.5535538995107367,0.5535538995107367,15.570645559034894,-1.1612236047103617,488.173607849577,3458.1730143192026,18.627118644067796,0,0.3371165644171779,1d,20,2.0,3.5,0,0.6,0.02,3.0
346,43370.042648885224,3.337004264888522,0.17874125717766187,-0.2932451040689681,0.9690690155062405,0.7628132509894732,0.6095285298799868,0.3959537572254335,1.3642488266014776,0.13961065735643519,0.13961065735643519,5.396792920773617,-1.0601341714261239,8030.768488354469,4983.745405689534,14.442196531791907,0,0.2557449204155791,4h,10,3.0,2.5,200,0.6,0.02,3.0
41,55217.431202303465,4.521743120230346,0.21083570406895058,-0.346105934996301,0.9573356214741042,0.8846492153223614,0.6091652374328799,0.4146341463414634,3.1774154940235535,1.7066626741461621,1.7066626741461621,35.46360011145252,-1.1124928410975754,735.3809242056113,12491.71891843652,37.5609756097561,0,0.4723926380368098,1d,20,2.0,5.0,0,0.6,0.02,3.0
281,45535.531380158056,3.553553138015806,0.1851961572243157,-0.30637243795494307,0.9323160140298429,0.670966958494137,0.6044804763134461,0.398576512455516,1.3990822134385696,0.18423412161266994,0.18423412161266994,6.145519602067187,-1.1079211600551966,8062.232691139803,5024.399915786073,14.02135231316726,0,0.2016479860791238,4h,20,2.5,2.5,200,0.6,0.02,3.0
57,25833.416363410764,1.5833416363410766,0.1121137085625803,-0.18554365198637243,0.8122576347396862,0.6647472830006274,0.6042443778718696,0.3684210526315789,2.150464631847516,0.5176817856505597,0.5176817856505597,12.486790291709791,-1.1287466100086145,368.8057461546136,2884.2929883882744,20.649122807017545,0,0.3610429447852761,1d,20,2.5,3.5,0,0.6,0.02,3.0
248,36399.23470475442,2.6399234704754417,0.15581731884144778,-0.2612733943730411,0.8529978817492998,0.5809147820594869,0.5963765243504849,0.3911290322580645,1.4076249738562243,0.17908224892708566,0.17908224892708566,6.145519602067186,-1.1079211600551968,5772.46961690202,3835.794412563834,13.669354838709678,0,0.1734991555350837,4h,30,2.5,2.5,200,0.6,0.02,3.0
281,36428.90688137086,2.642890688137086,0.15592288652922592,-0.2630357677132799,0.930855847866159,0.6723837251531561,0.5927820687078134,0.398576512455516,1.4322664551985573,0.15342022529793434,0.15342022529793434,5.133871025817393,-1.0308327899311807,5535.691607689545,3515.7901913573337,14.03202846975089,0,0.20180152515481856,4h,20,3.0,2.5,200,0.6,0.02,3.0
47,20893.184302631336,1.0893184302631336,0.08599728580924215,-0.14538179723815112,0.7432817668648507,0.5638605902414581,0.5915271887055386,0.3829787234042553,2.2565566274231994,0.4648211585733506,0.4648211585733506,10.422545615772927,-1.0700535034830725,214.19370118374414,1997.7285844223547,22.595744680851062,0,0.3257668711656442,1d,30,3.0,3.5,0,0.6,0.02,3.0
350,36757.768336012225,2.6757768336012226,0.15708782575132663,-0.265718558064863,0.8998109583517656,0.7273139176559792,0.5911812366262383,0.3942857142857143,1.3007463262712622,0.21143034559527268,0.21143034559527268,8.065720693913505,-1.2170298215565145,7194.929594805796,5339.577876834142,14.094285714285714,0,0.2524694201340908,4h,10,2.0,2.5,200,0.0,0.02,3.0
248,30101.943329494552,2.0101943329494554,0.1314687469427831,-0.22254421230882043,0.8519990469728876,0.5831760032513471,0.5907533859399874,0.3911290322580645,1.4386933542169977,0.1488846564541796,0.1488846564541796,5.133871025817393,-1.0308327899311804,4088.5182451336505,2746.8945125882065,13.689516129032258,0,0.17375505399457494,4h,30,3.0,2.5,200,0.6,0.02,3.0
37,45285.05891931834,3.528505891931834,0.18424840201493953,-0.31324059172752267,0.878700528661412,0.758017325177327,0.5882009129110921,0.3783783783783784,3.0922425623346226,1.6343444192559773,1.6343444192559773,35.46360011145252,-1.1124928410975754,559.7993599891681,10812.765140741383,35.7027027027027,0,0.40521472392638036,1d,20,2.0,5.0,100,0.6,0.02,3.0
43,20222.10172488723,1.0222101724887231,0.08203494584932636,-0.14056726852912693,0.7186742568256765,0.5182736755194183,0.5835992027712191,0.3953488372093023,2.3407304629490913,0.44235867973710996,0.44235867973710996,10.422545615772927,-1.0700535034830727,190.42098252796157,1894.0535087973726,22.0,0,0.2901840490797546,1d,30,3.0,3.5,100,0.6,0.02,3.0
298,55001.8063625149,4.50018063625149,0.21055369842781335,-0.36114836892894203,0.9393399781108976,0.9823033040959092,0.5830116277480433,0.3053691275167785,1.3196589211257912,0.3723870536943311,0.3723870536943311,28.210336061649436,-1.198177506005811,6716.073476813211,13369.101469747751,39.869127516778526,0,0.6080659194431649,4h,10,2.5,5.0,0,0.0,0.02,3.0
281,25718.01710333761,1.571801710333761,0.11168274048476867,-0.1916444250046336,0.8547175663947096,0.6218890955686058,0.5827601845556863,0.398576512455516,1.390237767332542,0.18423412161266994,0.18423412161266994,6.1455196020671865,-1.1079211600551966,3261.7461573597475,2485.538393242555,14.02135231316726,0,0.2016479860791238,4h,20,2.5,2.5,200,0.0,0.02,3.0
186,35181.691023797255,2.5181691023797255,0.15141823418575862,-0.2618567754786433,0.8773809609194053,0.7166243754204162,0.5782482958822965,0.3333333333333333,1.520079385488772,0.41745261824006097,0.41745261824006097,20.16153279799161,-1.1206426534184664,2260.775824345807,5734.460960070188,41.70967741935484,0,0.39705204974666053,4h,30,3.0,5.0,0,0.0,0.02,3.0
281,22223.519168582217,1.2223519168582215,0.09363400318053361,-0.16285603265058352,0.852209117693741,0.6218773126827164,0.574949553029027,0.398576512455516,1.4077293340444716,0.1534202252979343,0.1534202252979343,5.133871025817393,-1.0308327899311804,2418.076736168734,1855.2524409360421,14.03202846975089,0,0.20180152515481856,4h,20,3.0,2.5,200,0.0,0.02,3.0
33,33505.452326664985,2.3505452326664984,0.14496867474008868,-0.25398425564561145,0.8640774324266826,0.7310016550257695,0.5707781939931188,0.45454545454545453,3.138382125369869,1.3049352295630126,1.3049352295630126,23.738321475481182,-1.0537158735671142,274.06893165622233,6237.6313397613,42.18181818181818,0,0.4269938650306748,1d,20,3.0,5.0,100,0.6,0.02,3.0
54,16546.5224828492,0.65465224828492,0.05800349811569294,-0.10229329179733523,0.7345200413502212,0.6131488381537045,0.5670312988911356,0.3888888888888889,2.085556682203059,0.5101066870553456,0.5101066870553456,10.422545615772927,-1.0700535034830723,142.3366749941709,1383.4465967788044,22.64814814814815,0,0.37515337423312883,1d,20,3.0,3.5,0,0.0,0.02,3.0
347,28123.382621012606,1.8123382621012607,0.12287929716371826,-0.2168640338458213,0.8656076103517678,0.6961509929949522,0.5666190699518152,0.3976945244956772,1.3159784808125934,0.16589887681250362,0.16589887681250362,6.466700883312172,-1.1079211600551966,4508.452882107136,3472.831872703846,14.363112391930835,0,0.2550795844209018,4h,10,2.5,2.5,200,0.0,0.02,3.0
248,22466.342904846057,1.2466342904846055,0.0949668943727251,-0.1678026191729555,0.775309484019521,0.5276504199577764,0.5659440528448603,0.3911290322580645,1.3801162726274008,0.1790822489270856,0.1790822489270856,6.1455196020671865,-1.1079211600551966,2587.478493571651,2084.8373728047172,13.669354838709678,0,0.1734991555350837,4h,30,2.5,2.5,200,0.0,0.02,3.0
346,24201.917520533705,1.4201917520533707,0.10413769316948729,-0.18474118379089852,0.8703867536909459,0.7005392121496788,0.5636950626415643,0.3959537572254335,1.3369129967354854,0.13961065735643519,0.13961065735643519,5.396792920773616,-1.060134171426124,3309.267324023862,2575.861201838312,14.442196531791907,0,0.2557449204155791,4h,10,3.0,2.5,200,0.0,0.02,3.0
248,19802.04165004743,0.980204165004743,0.07958365177267357,-0.14186031036011967,0.7715719326376759,0.5271536151890153,0.5610001244932172,0.3911290322580645,1.395717703251872,0.14888465645417956,0.14888465645417956,5.133871025817393,-1.0308327899311807,1948.5285253383893,1572.985144833996,13.689516129032258,0,0.17375505399457494,4h,30,3.0,2.5,200,0.0,0.02,3.0
39,26357.752130576537,1.6357752130576535,0.11461849178756744,-0.20446247945703577,0.7797055871449093,0.7120481175227306,0.560584475410573,0.41025641025641024,2.8569674625754877,0.9128250704722765,0.9128250704722765,23.738321475481186,-1.0984798247672314,202.32840095179765,4015.3347252705416,41.282051282051285,0,0.4938650306748466,1d,10,3.0,5.0,100,0.6,0.02,3.0
67,15195.17413468012,0.5195174134680118,0.04795913507416327,-0.08657311312599555,0.785505599541286,0.6908964923761004,0.5539726289427201,0.4626865671641791,2.1445010759763385,0.3287497753008679,0.3287497753008679,5.6479136811882675,-1.0366182327612548,158.12422323385994,887.5838825273511,13.91044776119403,0,0.28588957055214725,1d,20,3.0,2.5,0,0.0,0.02,3.0
99,18853.637766461048,0.8853637766461049,0.07357927871723868,-0.137094211141719,0.6319120817122856,0.6661411897401551,0.5367059491751789,0.3939393939393939,1.5709278258893304,0.2392719186666595,0.2392719186666595,8.447674245705443,-1.1612236047103621,470.4197496342739,1918.2096776319347,13.373737373737374,0,0.40613496932515336,1d,10,2.0,2.5,0,0.6,0.02,3.0
96,15813.362483284174,0.5813362483284175,0.05264852751258453,-0.09869432848445948,0.6416254563463408,0.6688469346088423,0.533450384850378,0.40625,1.6475945695127683,0.16769125866158327,0.16769125866158327,5.647913681188267,-1.0366182327612548,271.3317000570221,1159.3861263018032,14.041666666666666,0,0.4134969325153374,1d,10,3.0,2.5,0,0.6,0.02,3.0
30,34308.66676245232,2.430866676245232,0.14800960627024806,-0.2795646149113425,0.869259653394065,0.7110609821071402,0.5294289705340066,0.36666666666666664,3.711467566256383,1.3704814613987826,1.3704814613987826,23.738321475481182,-1.1946947093358808,239.02077160618524,6159.708049750103,42.766666666666666,0,0.39355828220858896,1d,30,3.0,5.0,100,0.6,0.02,3.0
68,16038.91743257268,0.6038917432572679,0.054319049217305126,-0.1032374965499796,0.7528433788811507,0.6602322768243132,0.5261562032454753,0.45588235294117646,1.9941500666915501,0.37077548016789263,0.37077548016789263,6.769740317891914,-1.0442335745581546,201.04808136166687,1107.2710293093526,13.617647058823529,0,0.28404907975460125,1d,20,2.5,2.5,0,0.0,0.02,3.0
60,15649.180082824607,0.5649180082824607,0.05141918852592853,-0.09824188911370028,0.6366563295773945,0.5346450969303171,0.5233937273581792,0.4666666666666667,1.9611843395005273,0.23855238240987836,0.23855238240987836,3.175351856354782,-1.0366182327612545,202.14410389601045,1029.676907892538,13.216666666666667,0,0.2432515337423313,1d,30,3.0,2.5,0,0.6,0.02,3.0
334,78334.81948909373,6.833481948909373,0.2594983725716473,-0.496066298324066,0.9583932429560332,0.9823021385221019,0.5231122804519254,0.26047904191616766,1.269849488642766,0.42430760493325587,0.42430760493325587,35.04533754247221,-1.3296314926900479,13712.711721253738,22402.89649958322,32.98203592814371,0,0.5637954859511746,4h,10,2.0,5.0,0,0.0,0.02,3.0
58,13667.354531922432,0.3667354531922433,0.035599101638059905,-0.06916855791174342,0.6287083967900924,0.5047294837712251,0.5146717339905087,0.4482758620689655,1.92454359195533,0.2839849838831469,0.2839849838831469,4.052483273512846,-1.0366182327612548,130.6988668457768,794.0862489148759,13.46551724137931,0,0.23957055214723927,1d,20,3.0,2.5,100,0.0,0.02,3.0
70,17194.445122970483,0.7194445122970483,0.06256329570532171,-0.12280203438774913,0.7109375560840737,0.6250346415082129,0.5094646519273226,0.44285714285714284,1.8795702936748828,0.4218444980061644,0.4218444980061644,8.447674245705443,-1.161223604710362,266.713146394896,1405.6829739283191,12.82857142857143,0,0.2754601226993865,1d,20,2.0,2.5,0,0.0,0.02,3.0
59,14204.55467091188,0.420455467091188,0.04007889266266096,-0.07868748709459648,0.601552426299508,0.48496933888434507,0.5093426431889855,0.4406779661016949,1.8074010944654326,0.31812618012056376,0.31812618012056376,4.859878061850986,-1.0442335745581546,164.69512394193623,980.7020665548316,13.152542372881356,0,0.23803680981595093,1d,20,2.5,2.5,100,0.0,0.02,3.0
229,26062.484107421988,1.6062484107421988,0.11334180889144951,-0.2227417196588266,0.6962779170328087,0.4562666331472594,0.5088485851014131,0.37117903930131,1.3724824975188172,0.14017276102522291,0.14017276102522291,6.145519602067187,-1.0456899355007312,3831.3542372972834,2603.960010711562,13.397379912663755,0,0.15701929474384566,4h,55,2.5,2.5,0,0.6,0.02,3.0
229,22735.234582148478,1.2735234582148478,0.09642803245843079,-0.1895100447703336,0.6968981989671544,0.45753798808408597,0.5088280812517959,0.37117903930131,1.3979666910670783,0.11674659469051066,0.11674659469051066,5.133871025817393,-1.0308327899311807,2840.943307638979,1944.0112494045352,13.406113537117903,0,0.15712165412764215,4h,55,3.0,2.5,0,0.6,0.02,3.0
231,30506.42112073522,2.050642112073522,0.13316272508879634,-0.26378096892543984,0.6849710372686724,0.4517727730679279,0.5048230948246916,0.36363636363636365,1.3315538798404336,0.16785486089388724,0.16785486089388724,7.653712386859486,-1.1593832064475327,5511.655082150359,3682.88248701242,13.13852813852814,0,0.15533036491120322,4h,55,2.0,2.5,0,0.6,0.02,3.0
400,60810.32893067795,5.081032893067794,0.2242523473554885,-0.4450015497946054,0.9559462895067095,0.9890275161561706,0.5039361041753546,0.34,1.2403039732590917,0.27713122439056065,0.27713122439056065,16.790083657531763,-1.2900300374782283,12761.013336904165,14063.969179385633,23.3125,0,0.4772506269512258,4h,10,2.0,3.5,0,0.0,0.02,3.0
58,16299.109070662147,0.6299109070662148,0.0562203805792556,-0.11168097075301989,0.6958138054220194,0.5857506215662966,0.5034016108580018,0.4482758620689655,2.104008940441193,0.28398498388314697,0.28398498388314697,4.052483273512846,-1.0366182327612545,207.55036936074438,1069.0617718523868,13.46551724137931,0,0.23957055214723927,1d,20,3.0,2.5,100,0.6,0.02,3.0
33,37159.45484667518,2.715945484667518,0.15831526893295766,-0.317589028081108,0.8355712610359789,0.6838298405246008,0.498490989721868,0.3333333333333333,3.0593458607325275,1.427163825955582,1.427163825955582,28.439831598620703,-1.1287466100086145,351.343969829623,8099.123552918597,37.515151515151516,0,0.37975460122699384,1d,30,2.5,5.0,100,0.6,0.02,3.0
284,40139.944633825435,3.0139944633825433,0.16855998866802246,-0.3387814405562349,0.8849710111040732,0.9288927852895642,0.4975478833529634,0.3204225352112676,1.3092208820841424,0.30982258744678026,0.30982258744678026,23.606321546661434,-1.1655504990466294,4318.7728729845885,9225.455816670523,43.41197183098591,0,0.6309944214135831,4h,10,3.0,5.0,0,0.0,0.02,3.0
57,16913.13779952754,0.691313779952754,0.060602650446959005,-0.12200291165119773,0.6668624436868316,0.5489500296026197,0.4967311814673733,0.3684210526315789,1.860418662492862,0.5176817856505597,0.5176817856505597,12.486790291709793,-1.1287466100086143,186.61458313997662,1643.3195048485543,20.649122807017545,0,0.3610429447852761,1d,20,2.5,3.5,0,0.0,0.02,3.0
97,16571.549609283364,0.6571549609283365,0.05818254844863868,-0.11727497638427145,0.6084186270556434,0.631273895973517,0.4961207432521124,0.4020618556701031,1.5586638181020651,0.18727657879542225,0.18727657879542225,6.769740317891914,-1.0459305956139282,342.6921156622698,1434.558523725591,13.845360824742269,0,0.4119631901840491,1d,10,2.5,2.5,0,0.6,0.02,3.0
47,20959.10273722365,1.0959102737223652,0.08638037388764475,-0.17456924452343855,0.7520225875388298,0.5702093210354969,0.49482011635816453,0.40425531914893614,2.2747917075835336,0.4571859704840183,0.4571859704840183,10.422545615772927,-1.0700535034830725,218.56282051059497,2033.9213715960857,21.914893617021278,0,0.3159509202453988,1d,20,3.0,3.5,100,0.6,0.02,3.0
38,37888.12541469557,2.788812541469557,0.16083649881467132,-0.32624177448907155,0.9002483166942089,0.8287347014855321,0.4929978665870058,0.47368421052631576,2.9947125272330344,1.4378983023092147,1.4378983023092147,23.981888196004046,-1.0647430697195481,380.4058489694795,7751.547955242935,43.473684210526315,0,0.5067484662576687,1d,20,2.5,5.0,0,0.6,0.02,3.0
61,16432.36029376371,0.6432360293763713,0.05718369015051383,-0.1160022903510815,0.605652451331974,0.5065901125550183,0.49295311305877765,0.45901639344262296,1.8078453335128413,0.2628828864743629,0.2628828864743629,3.8089824659456113,-1.0442335745581546,258.5834126062491,1291.9455943059586,12.918032786885245,0,0.24171779141104294,1d,30,2.5,2.5,0,0.6,0.02,3.0
41,30579.252362213014,2.057925236221301,0.1333131818608122,-0.27246405497125914,0.8663508619428929,0.7893253404166404,0.48928722680455866,0.4146341463414634,3.1601648372005777,1.7066626741461626,1.7066626741461626,35.46360011145252,-1.1124928410975754,298.40735830965366,5793.30427277184,37.5609756097561,0,0.4723926380368098,1d,20,2.0,5.0,0,0.0,0.02,3.0
54,15206.50733210596,0.5206507332105961,0.04804661786001363,-0.09823394445507794,0.603681228301153,0.4825918042503019,0.4891040273964077,0.4444444444444444,1.966819802942166,0.23206703407742835,0.23206703407742835,3.175351856354782,-1.0366182327612545,182.2613103953751,980.9129182756793,13.25925925925926,0,0.2196319018404908,1d,30,3.0,2.5,100,0.6,0.02,3.0
33,24107.452714981842,1.4107452714981843,0.10353695506309557,-0.21217124246973837,0.802155534472144,0.6797204418909902,0.4879876926669875,0.45454545454545453,3.251829932393139,1.6266296323901444,1.6266296323901444,28.439831598620703,-1.0647430697195481,162.0741015121639,3896.911679373592,41.84848484848485,0,0.4236196319018405,1d,20,2.5,5.0,100,0.0,0.02,3.0
50,13695.437362404246,0.3695437362404246,0.03583712931277261,-0.07379589048750335,0.5629875167403046,0.39673628093283203,0.48562499992924807,0.44,1.8790685385931134,0.22351042066444127,0.22351042066444127,4.052483273512845,-1.0366182327612548,146.24781923203187,851.7398190810288,14.0,0,0.2147239263803681,1d,20,3.0,2.5,200,0.6,0.02,3.0
60,30588.889295178084,2.0588889295178086,0.13335316495649252,-0.27531033985683934,0.7701906732972444,0.8195802869161173,0.4843739796545085,0.3333333333333333,2.362740076422736,0.8364156909021221,0.8364156909021221,27.416866688222232,-1.145273134206356,447.8048177084302,6251.785157337226,34.0,0,0.6257668711656442,1d,10,2.0,5.0,0,0.6,0.02,3.0
59,17311.289053463046,0.7311289053463046,0.06336930728498658,-0.13252181093300897,0.6698488253431281,0.5654150783158162,0.47818020927151655,0.4406779661016949,1.9405199248618017,0.31812618012056376,0.31812618012056376,4.859878061850987,-1.0442335745581546,267.73128165375465,1347.3278468327856,13.152542372881356,0,0.23803680981595093,1d,20,2.5,2.5,100,0.6,0.02,3.0
62,14536.77613754651,0.453677613754651,0.04277460724111859,-0.0895046857623996,0.5334795905855335,0.4310002020552617,0.477903551939936,0.41935483870967744,1.6411117455583109,0.33179655772710026,0.33179655772710026,6.069040843397172,-1.1612236047103617,215.03471405550397,1210.083558605997,12.0,0,0.2282208588957055,1d,20,2.0,2.5,100,0.0,0.02,3.0
59,17678.384764515067,0.7678384764515067,0.0658705451967001,-0.13900273062982377,0.6264235144446015,0.5000512320646419,0.47387950508770244,0.3559322033898305,1.7862652896962783,0.5535538995107365,0.5535538995107365,15.570645559034894,-1.1612236047103617,252.96429581484256,2060.795551236335,18.627118644067796,0,0.3371165644171779,1d,20,2.0,3.5,0,0.0,0.02,3.0
63,17673.73723046724,0.7673737230467239,0.06583916826850555,-0.14002278115247346,0.5774156262227631,0.48360911085519587,0.47020326068807355,0.4444444444444444,1.7119933355668007,0.28760219063743675,0.28760219063743675,4.706291000653779,-1.161223604710362,346.86413478288097,1668.4780081808822,12.015873015873016,0,0.2322085889570552,1d,30,2.0,2.5,0,0.6,0.02,3.0
229,16281.269366013252,0.6281269366013251,0.0561528288512696,-0.11950307132836102,0.5941160218296169,0.3837579304336055,0.4698860726096096,0.37117903930131,1.320751333670696,0.11674659469051063,0.11674659469051063,5.133871025817394,-1.0308327899311807,1499.219012374115,1235.451134759126,13.406113537117903,0,0.15712165412764215,4h,55,3.0,2.5,0,0.0,0.02,3.0
229,17763.295912644415,0.7763295912644415,0.06651625543875128,-0.14160093816382252,0.5961916944253153,0.3844125599786909,0.4697444543891126,0.37117903930131,1.308994368051253,0.14017276102522297,0.14017276102522297,6.145519602067188,-1.0456899355007312,1929.3792750773205,1592.5335957437114,13.397379912663755,0,0.15701929474384566,4h,55,2.5,2.5,0,0.0,0.02,3.0
46,20962.919144927033,1.0962919144927032,0.08640252033878415,-0.18415930801908617,0.6702514203243809,0.4789173826920435,0.4691727030698304,0.3695652173913043,2.0782050129564102,0.42793191849875084,0.42793191849875084,12.486790291709791,-1.1287466100086145,255.29057581498705,2308.6859426692936,19.565217391304348,0,0.27607361963190186,1d,30,2.5,3.5,100,0.6,0.02,3.0
214,25373.57297834783,1.5373572978347831,0.11000393471984604,-0.23574714746220296,0.6861158236297451,0.43442435543321156,0.4666183065374432,0.3691588785046729,1.3654398851365528,0.14368123521552753,0.14368123521552753,6.145519602067187,-1.045689935500731,3675.9407292028172,2597.4804146396023,13.378504672897197,0,0.14652745790470342,4h,55,2.5,2.5,200,0.6,0.02,3.0
214,22227.56194480502,1.2227561944805019,0.09365630013697657,-0.2008493727369074,0.6869974074344926,0.43588148161780127,0.466301183124216,0.3691588785046729,1.3923852048948928,0.11966093808806488,0.11966093808806488,5.133871025817394,-1.0308327899311807,2724.078148531875,1936.516948893298,13.38785046728972,0,0.14662981728849991,4h,55,3.0,2.5,200,0.6,0.02,3.0
55,15965.130301330682,0.5965130301330683,0.05377487032012329,-0.11547686184450126,0.579030293242139,0.46403750930213583,0.46567658196787,0.43636363636363634,1.82387917888004,0.25634219337758596,0.25634219337758596,3.8089824659456113,-1.0442335745581546,232.99431801409668,1227.484630412002,12.927272727272728,0,0.21809815950920244,1d,30,2.5,2.5,100,0.6,0.02,3.0
37,38909.6264457873,2.8909626445787295,0.16429939283017214,-0.3545528571602596,0.7990966668518543,0.6439385106888063,0.46339886849623674,0.2702702702702703,2.863040027329301,1.4282963401553423,1.4282963401553423,35.46360011145252,-1.161223604710362,491.59968042537815,9820.085163549622,30.864864864864863,0,0.35030674846625764,1d,30,2.0,5.0,100,0.6,0.02,3.0
216,29579.504961805018,1.9579504961805019,0.12925057558779662,-0.27910236747139744,0.6753720078569179,0.43035305574412325,0.46309379873333495,0.3611111111111111,1.324136248725292,0.17207950452413492,0.17207950452413492,7.653712386859488,-1.1593832064475325,5294.849811002974,3680.176018146647,13.101851851851851,0,0.14483852807206102,4h,55,2.0,2.5,200,0.6,0.02,3.0
76,17690.320310299958,0.7690320310299958,0.0659510921782187,-0.14270567197583983,0.5794005033140823,0.5571795351654153,0.4621476586395548,0.35526315789473684,1.5752590456730529,0.25647805957744535,0.25647805957744535,6.021762485710701,-1.1612236047103621,397.50363477073546,1821.777956602293,12.171052631578947,0,0.2837423312883436,1d,10,2.0,2.5,100,0.6,0.02,3.0
55,25972.003327753893,1.5972003327753894,0.11278010514539827,-0.24450551402276496,0.7552197434620314,0.8014095805640108,0.461257921303557,0.36363636363636365,2.503852246546011,0.7206332997086433,0.7206332997086433,21.97389797867719,-1.1159657773070717,263.52179055082553,4430.220439319472,39.58181818181818,0,0.6677914110429448,1d,10,2.5,5.0,0,0.6,0.02,3.0
231,19587.10797096193,0.958710797096193,0.07826389267668499,-0.1722037793232106,0.5847801372841772,0.37883359559120167,0.45448417557544357,0.36363636363636365,1.2810146596408125,0.1678548608938873,0.1678548608938873,7.653712386859487,-1.1593832064475325,2640.3391517973096,2148.014443032089,13.13852813852814,0,0.15533036491120322,4h,55,2.0,2.5,0,0.0,0.02,3.0
38,40219.26975805294,3.021926975805294,0.1686228644788097,-0.3726458078134301,0.8104600804893021,0.6797926392288509,0.452501707903911,0.34210526315789475,2.568845360102471,1.5376553679759772,1.5376553679759772,35.46360011145252,-1.1612236047103617,563.274901248827,10600.060191591447,33.421052631578945,0,0.3895705521472393,1d,30,2.0,5.0,0,0.6,0.02,3.0
62,18483.23104311503,0.8483231043115029,0.07119689190065803,-0.15761037465658267,0.6245404129775042,0.529253210323742,0.4517271915366547,0.41935483870967744,1.7932334832540777,0.3317965577271002,0.3317965577271002,6.069040843397173,-1.161223604710362,359.6711036405137,1718.9796179140164,12.0,0,0.2282208588957055,1d,20,2.0,2.5,100,0.6,0.02,3.0
72,15192.122732214246,0.5192122732214246,0.047935570903976155,-0.1061190502314452,0.5970004614378173,0.561652682769468,0.45171503890610476,0.375,1.6865897729469228,0.19068788626213123,0.19068788626213123,3.638706069609585,-1.0366182327612543,226.7233235922804,1097.0490587357394,13.23611111111111,0,0.29233128834355826,1d,10,3.0,2.5,100,0.6,0.02,3.0
50,21490.594218530903,1.1490594218530905,0.08943065990448784,-0.19802314300643678,0.6838343918059334,0.5111663493375982,0.45161721274962735,0.36,1.975336552876727,0.4546496668884806,0.4546496668884806,12.486790291709795,-1.1287466100086148,286.26156894323265,2442.0687149998603,20.22,0,0.31012269938650305,1d,30,2.5,3.5,0,0.6,0.02,3.0
227,25517.97103639803,1.551797103639803,0.11071017309075493,-0.2474320532346457,0.6847808729329913,0.44537708977486656,0.4474366665250352,0.3656387665198238,1.3542535740877595,0.13898374560914434,0.13898374560914434,6.145519602067187,-1.0456899355007312,3858.2722135006265,2635.25479480331,13.348017621145374,0,0.15507446645171197,4h,55,2.5,2.5,100,0.6,0.02,3.0
47,14727.359807051469,0.472735980705147,0.04429644565064894,-0.09905984066070757,0.5983651902425947,0.457451078913891,0.4471685534238829,0.40425531914893614,1.9252496787446964,0.4571859704840182,0.4571859704840182,10.422545615772925,-1.0700535034830725,114.48941985004777,1207.2709025261443,21.914893617021278,0,0.3159509202453988,1d,20,3.0,3.5,100,0.0,0.02,3.0
227,22337.53605989069,1.2337536059890688,0.0942614588017483,-0.21105544248083213,0.6855355223405726,0.44674324793404524,0.44661941759833573,0.3656387665198238,1.380441223299141,0.11575165561674637,0.11575165561674637,5.133871025817393,-1.0308327899311807,2855.2600026523987,1963.7868800293575,13.3568281938326,0,0.15517682583550846,4h,55,3.0,2.5,100,0.6,0.02,3.0
49,19965.945818347012,0.9965945818347013,0.08049164712934376,-0.18148925412248526,0.5780622953835323,0.4018071583801957,0.4435064076852768,0.32653061224489793,1.838385189791158,0.41022988355117673,0.41022988355117673,15.570645559034894,-1.1612236047103621,334.08682604482425,2723.3086839310736,17.122448979591837,0,0.25736196319018406,1d,30,2.0,3.5,100,0.6,0.02,3.0
229,29715.3017569761,1.9715301756976098,0.129830467705917,-0.29283142946025614,0.6731169442177356,0.4405759191332667,0.44336247630665593,0.35807860262008734,1.3127775951768332,0.1663251136735944,0.1663251136735944,7.653712386859487,-1.1593832064475327,5566.274434205906,3737.3454422765603,13.087336244541484,0,0.15338553661906956,4h,55,2.0,2.5,100,0.6,0.02,3.0
331,53313.03250888976,4.3313032508889755,0.20632977744481296,-0.4660319771156239,0.8496073771269324,0.6510274642485082,0.44273738193210277,0.3806646525679758,1.2567660959695999,0.1775902742549085,0.1775902742549085,7.653712386859487,-1.2170298215565145,14850.464293087425,8459.499809714118,13.474320241691842,0,0.22826142586621628,4h,20,2.0,2.5,100,0.6,0.02,3.0
50,21824.481061448332,1.1824481061448333,0.09131278535072296,-0.20673203942104787,0.7028900334987271,0.5297234873316695,0.4416963408596171,0.38,2.0389629930496667,0.4518158788497425,0.4518158788497425,12.486790291709791,-1.1287466100086148,292.61610141380527,2482.961744324352,19.68,0,0.301840490797546,1d,20,2.5,3.5,100,0.6,0.02,3.0
47,14841.988622890203,0.4841988622890203,0.04520337154370879,-0.10234848823350332,0.6090709886132228,0.46916647541664525,0.4416613505866291,0.3829787234042553,1.9081696831709827,0.4648211585733506,0.4648211585733506,10.422545615772927,-1.0700535034830725,115.9354146264606,1235.6027777180934,22.595744680851062,0,0.3257668711656442,1d,30,3.0,3.5,0,0.0,0.02,3.0
37,25521.67931743522,1.5521679317435222,0.11060303883434375,-0.25083055874735205,0.7667246378162618,0.6486476571017167,0.4409472250378717,0.3783783783783784,3.117307232245537,1.634344419255977,1.634344419255977,35.46360011145252,-1.1124928410975756,224.6507359820904,4866.977376152382,35.7027027027027,0,0.40521472392638036,1d,20,2.0,5.0,100,0.0,0.02,3.0
33,20558.342432890106,1.0558342432890107,0.08403460382566519,-0.1915559311004901,0.754929583812596,0.6316209473970271,0.4386948675662812,0.45454545454545453,3.0410491144798475,1.3049352295630123,1.3049352295630123,23.738321475481182,-1.0537158735671142,119.5238547903851,2917.377139314112,42.18181818181818,0,0.4269938650306748,1d,20,3.0,5.0,100,0.0,0.02,3.0
51,14014.743183883396,0.4014743183883396,0.03851348537804444,-0.08785093572955155,0.520127829793932,0.3632229694550035,0.43839584699026907,0.43137254901960786,1.7133529282840654,0.23968925028490598,0.23968925028490598,4.859878061850985,-1.0442335745581546,183.05258017902787,1039.5406662067114,13.627450980392156,0,0.21319018404907975,1d,20,2.5,2.5,200,0.6,0.02,3.0
38,30432.247109229756,2.0432247109229755,0.13270187391552657,-0.303027042235271,0.8575095610676653,0.7841951102762811,0.43792089622317104,0.47368421052631576,2.9391652211407093,1.1624587169228622,1.1624587169228622,19.98394438060443,-1.0537158735671142,264.51923403231973,5596.51368352334,44.21052631578947,0,0.5153374233128835,1d,20,3.0,5.0,0,0.6,0.02,3.0
60,13109.652679009394,0.31096526790093937,0.03077976470905619,-0.07069511647271277,0.5551542335843184,0.4500618503838141,0.43538742482922005,0.4666666666666667,1.7354604032791763,0.2385523824098784,0.2385523824098784,3.175351856354782,-1.0366182327612548,130.37163471313065,771.7430670798665,13.216666666666667,0,0.2432515337423313,1d,30,3.0,2.5,0,0.0,0.02,3.0
38,25214.753563560993,1.5214753563560994,0.10909958985942847,-0.25286292481387057,0.8521111581536823,0.78796400408714,0.43145743860922037,0.47368421052631576,3.0818148844771898,1.4378983023092142,1.4378983023092142,23.981888196004046,-1.0647430697195477,185.6354076946382,4119.630867079102,43.473684210526315,0,0.5067484662576687,1d,20,2.5,5.0,0,0.0,0.02,3.0
58,16851.740716613996,0.6851740716613997,0.060170880333831445,-0.14002278115247377,0.5407273936340333,0.4361548997316656,0.4297220769262546,0.41379310344827586,1.6964523588901301,0.25836021998037617,0.25836021998037617,4.706291000653779,-1.161223604710362,310.97711069801846,1557.6800066686244,11.689655172413794,0,0.20797546012269938,1d,30,2.0,2.5,100,0.6,0.02,3.0
53,21081.797989606595,1.1081797989606597,0.08709058272043335,-0.2047338970536827,0.6170732439710341,0.45378438395530635,0.42538428649945337,0.33962264150943394,1.835538065573591,0.45189245816592466,0.45189245816592466,15.570645559034894,-1.161223604710362,383.14335707090527,2950.609040168188,17.433962264150942,0,0.28343558282208586,1d,20,2.0,3.5,100,0.6,0.02,3.0
73,15925.94259120861,0.592594259120861,0.053484952891640125,-0.12604219847074624,0.5708057078156461,0.5383823969224144,0.42434163748781095,0.3698630136986301,1.592628808256463,0.21274985404042412,0.21274985404042412,4.364133002050895,-1.0459305956139282,289.0380786799518,1369.66160322743,12.986301369863014,0,0.2907975460122699,1d,10,2.5,2.5,100,0.6,0.02,3.0
227,17570.999153048357,0.7570999153048357,0.06521592361511086,-0.15383037945240088,0.5874435942690647,0.3762124758186156,0.42394697229028394,0.3656387665198238,1.2989734326682576,0.13898374560914434,0.13898374560914434,6.145519602067187,-1.0456899355007312,1935.2624209916576,1606.553781333199,13.348017621145374,0,0.15507446645171197,4h,55,2.5,2.5,100,0.0,0.02,3.0
404,44785.81279946391,3.4785812799463907,0.18299284586560605,-0.4317856945896523,0.8403848041093305,0.704143802106079,0.42380479056749054,0.3811881188118812,1.2410350871441147,0.1242543563182783,0.1242543563182783,6.46670088331217,-1.1079211600551964,12145.582531013675,7058.94724816142,14.185643564356436,0,0.2933108142688981,4h,10,2.5,2.5,100,0.6,0.02,3.0
214,17316.621866212477,0.7316621866212478,0.06347624422366183,-0.14979055898772864,0.5814483027925602,0.3617104451559141,0.42376665560652604,0.3691588785046729,1.3018025501518509,0.1436812352155275,0.1436812352155275,6.145519602067188,-1.045689935500731,1832.6939735719834,1584.1244792189596,13.378504672897197,0,0.14652745790470342,4h,55,2.5,2.5,200,0.0,0.02,3.0
214,15935.635443268331,0.593563544326833,0.053615798797002956,-0.12659447425698858,0.5795266190543936,0.3612150072549142,0.4235240053855915,0.3691588785046729,1.3147176763254622,0.11966093808806488,0.11966093808806488,5.133871025817393,-1.0308327899311807,1422.9197570316455,1227.1981992017759,13.38785046728972,0,0.14662981728849991,4h,55,3.0,2.5,200,0.0,0.02,3.0
227,16133.731930729708,0.6133731930729707,0.055075778041707046,-0.13007146877621775,0.58541890799865,0.37559680494054315,0.4234270479136551,0.3656387665198238,1.3112931193413537,0.11575165561674636,0.11575165561674636,5.133871025817393,-1.0308327899311807,1501.4850437313057,1244.6283778667448,13.3568281938326,0,0.15517682583550846,4h,55,3.0,2.5,100,0.0,0.02,3.0
504,44743.292708929745,3.4743292708929747,0.18286690671916794,-0.43302175850278446,0.797067570860859,0.74524322057035,0.42230419864223073,0.3611111111111111,1.1891922348851545,0.09731949470584383,0.09731949470584383,6.818851854281634,-1.1079211600551966,15078.092693475031,8663.45898094846,14.357142857142858,0,0.3703362505757715,4h,10,2.5,2.5,0,0.6,0.02,3.0
39,15956.45242374287,0.5956452423742871,0.05371072440680602,-0.12735917345168052,0.6097379559119207,0.41121489520879345,0.42172638963602904,0.38461538461538464,2.11824754253326,0.3985440016441667,0.3985440016441667,6.067950051739374,-1.0700535034830725,132.13112429165864,1419.4522631282866,24.076923076923077,0,0.2880368098159509,1d,20,3.0,3.5,200,0.6,0.02,3.0
52,20559.688584731848,1.055968858473185,0.08404255098165714,-0.19955191067736566,0.5924910890521308,0.42706638833761934,0.42115633318859386,0.34615384615384615,1.7529270764957907,0.46345854475436277,0.46345854475436277,15.570645559034894,-1.1612236047103617,375.17871477638886,2902.964455048901,17.903846153846153,0,0.2855828220858896,1d,30,2.0,3.5,0,0.6,0.02,3.0
44,23221.709650468012,1.3221709650468014,0.09892152674574661,-0.23518252677287474,0.7227710183906719,0.6563988255605939,0.4206159705107647,0.3409090909090909,2.578546669245198,1.2338070083972168,1.2338070083972168,35.46360011145252,-1.1452731342063558,208.48998548722614,4079.133047960946,33.88636363636363,0,0.4573619631901841,1d,10,2.0,5.0,100,0.0,0.02,3.0
40,20577.569911790444,1.0577569911790445,0.08414807155789106,-0.2012758050489204,0.7045553691331589,0.6421917448112768,0.4180734566553528,0.4,2.5301999353434845,1.1138437888988622,1.1138437888988622,28.439831598620707,-1.115965777307072,143.9413637459165,3090.4843494612787,39.3,0,0.4822085889570552,1d,10,2.5,5.0,100,0.0,0.02,3.0
229,19323.83095397648,0.9323830953976482,0.07662965437443225,-0.18432089088628686,0.5758181371989222,0.37047839992406234,0.4157404730737082,0.35807860262008734,1.2705126479503595,0.1663251136735944,0.1663251136735944,7.653712386859487,-1.1593832064475327,2654.295283169081,2171.3705253258286,13.087336244541484,0,0.15338553661906956,4h,55,2.0,2.5,100,0.0,0.02,3.0
503,36489.2298519246,2.6489229851924603,0.1561372684542437,-0.37656389599196294,0.7975183184428188,0.7467554425505201,0.41463685211493606,0.35984095427435386,1.2105475895161804,0.08159572162965853,0.08159572162965853,5.6796865277135185,-1.0601341714261239,10301.765637832603,5959.995588581182,14.41351888667992,0,0.3710527662623471,4h,10,3.0,2.5,0,0.6,0.02,3.0
403,36340.51527953071,2.634051527953071,0.1556081814113075,-0.37579148256119466,0.8408736750207023,0.7051782384434061,0.41408118233751595,0.37965260545905705,1.2666601951831242,0.10447443449008789,0.10447443449008789,5.396792920773616,-1.060134171426124,8308.0131629406,4917.191899063971,14.253101736972704,0,0.29397615026357543,4h,10,3.0,2.5,100,0.6,0.02,3.0
328,39595.59831391775,2.9595598313917746,0.16677300495305003,-0.40930011191580534,0.8323029709191111,0.6353827419252422,0.4074589771608855,0.38414634146341464,1.286045165288427,0.14249481777373604,0.14249481777373604,6.145519602067187,-1.1079211600551966,8983.590836877891,5278.695854307337,13.810975609756097,0,0.23184400429909413,4h,20,2.5,2.5,100,0.6,0.02,3.0
28,25396.58600692342,1.5396586006923418,0.10999222899634709,-0.2711340033772302,0.7490825288656988,0.5871443997041987,0.40567478673382884,0.39285714285714285,3.4305770623568885,1.408918105353258,1.408918105353258,18.654492096700036,-1.064743069719548,182.2535248263172,4806.041060808656,43.535714285714285,0,0.37392638036809817,1d,20,2.5,5.0,200,0.6,0.02,3.0
61,13476.552661243737,0.3476552661243737,0.0339702835419311,-0.08386213049619884,0.521425779709213,0.4213577845295506,0.4050729851595035,0.45901639344262296,1.6272128057718902,0.2628828864743629,0.2628828864743629,3.8089824659456117,-1.0442335745581546,163.5665232211048,953.209604528653,12.918032786885245,0,0.24171779141104294,1d,30,2.5,2.5,0,0.0,0.02,3.0
328,32466.47895817751,2.246647895817751,0.14109935313058664,-0.35512510788931956,0.8310647531352346,0.6364193239613307,0.3973229433683481,0.38414634146341464,1.3155184056204505,0.11863171979628875,0.11863171979628875,5.1338710258173945,-1.0308327899311807,6192.206628714124,3697.082449771823,13.820121951219512,0,0.2319975433747889,4h,20,3.0,2.5,100,0.6,0.02,3.0
54,21469.519081075912,1.1469519081075914,0.08931098970026508,-0.22515726735643526,0.6967528821890074,0.7310711280025932,0.3966604798009086,0.37037037037037035,2.3449155369925165,0.5705256663634384,0.5705256663634384,18.334097666932422,-1.0984798247672314,187.5812706799564,3257.212226698896,40.888888888888886,0,0.6773006134969325,1d,10,3.0,5.0,0,0.6,0.02,3.0
50,12336.39985046333,0.23363998504633288,0.023787324751295857,-0.060315354502639106,0.4936765198400226,0.353471181954896,0.39438257384784237,0.44,1.697776208931169,0.22351042066444127,0.22351042066444127,4.052483273512845,-1.0366182327612548,103.96024618659735,704.0788669674367,14.0,0,0.2147239263803681,1d,20,3.0,2.5,200,0.0,0.02,3.0
216,19014.91419241279,0.9014914192412791,0.07468671645476377,-0.18957409800866565,0.5708004321733221,0.3567766903299718,0.39397110279986536,0.3611111111111111,1.2735906698678143,0.17207950452413492,0.17207950452413492,7.653712386859487,-1.1593832064475325,2511.7030831649245,2139.450516075811,13.101851851851851,0,0.14483852807206102,4h,55,2.0,2.5,200,0.0,0.02,3.0
509,54940.18542509604,4.494018542509604,0.2104016110054172,-0.5344889628667732,0.7756070733673565,0.7237140139240007,0.39365005757445726,0.3575638506876228,1.1492314177317335,0.11933354493069527,0.11933354493069527,8.529624528890624,-1.2170298215565145,24729.04919351774,13807.466700884455,14.021611001964637,0,0.3652694610778443,4h,10,2.0,2.5,0,0.6,0.02,3.0
33,27644.421911014906,1.7644421911014905,0.12058237113508796,-0.3098517876695485,0.7944454248419952,0.679812687757329,0.38916145051803586,0.3939393939393939,2.953529428221905,1.1894934335003855,1.1894934335003855,19.983944380604424,-1.1946947093358808,213.64742047216794,5205.635316544744,44.0,0,0.44539877300613495,1d,30,3.0,5.0,0,0.6,0.02,3.0
38,21433.934131198464,1.1433934131198464,0.08910869196342541,-0.23209974731140626,0.8100924960657974,0.745100614527468,0.3839241231222412,0.47368421052631576,2.946754514347607,1.1624587169228622,1.1624587169228622,19.98394438060443,-1.0537158735671142,136.33664322433086,3089.7142645575955,44.21052631578947,0,0.5153374233128835,1d,20,3.0,5.0,0,0.0,0.02,3.0
286,39642.70186377537,2.9642701863775374,0.1669284960851456,-0.43619329323631634,0.7573296726598147,0.5498475529114396,0.38269386227061675,0.3776223776223776,1.247856725392004,0.17243287400086868,0.17243287400086868,7.653712386859488,-1.1593832064475327,10217.206900502044,6284.942757842096,13.125874125874127,0,0.19212856338604842,4h,30,2.0,2.5,100,0.6,0.02,3.0
411,52527.971712558385,4.252797171255838,0.20432560947998613,-0.5348809787626421,0.7939623363668222,0.662500740923853,0.38200201090092856,0.3746958637469586,1.1831889172126107,0.14320655962449932,0.14320655962449932,8.065720693913505,-1.2170298215565145,19315.8031301378,10789.804020234818,13.722627737226277,0,0.2886534623061569,4h,10,2.0,2.5,100,0.6,0.02,3.0
64,20108.57062590341,1.010857062590341,0.0813530937198026,-0.2134915007956588,0.5894072524431034,0.5087529787048328,0.38106010504684623,0.28125,1.625212100103172,0.37732709919096746,0.37732709919096746,15.570645559034896,-1.145273134206356,395.5301497299571,2870.2278240313317,18.015625,0,0.35368098159509204,1d,10,2.0,3.5,100,0.6,0.02,3.0
43,14041.72453911389,0.4041724539113889,0.038737148850750414,-0.10234848823350387,0.5393355860047169,0.3915068648515268,0.378482863004026,0.3953488372093023,1.8620104494574425,0.44235867973710985,0.44235867973710985,10.422545615772925,-1.0700535034830725,100.79213021576014,1126.3536455861054,22.0,0,0.2901840490797546,1d,30,3.0,3.5,100,0.0,0.02,3.0
28,19526.44547232361,0.9526445472323608,0.07780228460262761,-0.2078906046586837,0.7051648893833119,0.5546937572053752,0.3742462759698254,0.39285714285714285,3.2439388549734782,1.408918105353258,1.408918105353258,18.654492096700036,-1.064743069719548,108.96420673460645,2984.422489779814,43.535714285714285,0,0.37392638036809817,1d,20,2.5,5.0,200,0.0,0.02,3.0
331,27891.94539783247,1.7891945397832472,0.12183977789066391,-0.32615785923868645,0.7478932686314179,0.5853560993096693,0.3735607603479517,0.3806646525679758,1.2591850683712218,0.17759027425490856,0.17759027425490856,7.653712386859487,-1.2170298215565147,5466.03623292954,3722.4558054971003,13.474320241691842,0,0.22826142586621628,4h,20,2.0,2.5,100,0.0,0.02,3.0
27,22008.12239024416,1.2008122390244158,0.09233710131438788,-0.24815100592028988,0.7230191590327629,0.570635421719729,0.37210045138421904,0.4074074074074074,3.392797170462368,1.2071500221225948,1.2071500221225948,15.55642867690923,-1.0537158735671142,135.0619387095325,3731.3639100093246,47.148148148148145,0,0.3904907975460123,1d,20,3.0,5.0,200,0.6,0.02,3.0
54,14100.872833715697,0.41008728337156963,0.03922612965919425,-0.10602604455579442,0.44606735653821367,0.309299289911271,0.3699669248582801,0.4074074074074074,1.5407508956851175,0.22098235064190458,0.22098235064190458,6.069040843397173,-1.161223604710362,235.47043413530088,1262.4542360057162,12.277777777777779,0,0.20337423312883435,1d,20,2.0,2.5,200,0.6,0.02,3.0
53,15014.593464236052,0.5014593464236052,0.046557328709476264,-0.12672646060934772,0.4830562631277255,0.35325112168999667,0.3673844316775786,0.33962264150943394,1.6361785736506442,0.4518924581659247,0.4518924581659247,15.570645559034894,-1.161223604710362,200.68586487918867,1744.639777295175,17.433962264150942,0,0.28343558282208586,1d,20,2.0,3.5,100,0.0,0.02,3.0
373,42836.282271564094,3.2836282271564095,0.17710631781264263,-0.48209757116562735,0.7399328513984104,0.5951638425695771,0.3673661275339567,0.3753351206434316,1.2044311764087596,0.12617171532727964,0.12617171532727964,7.653712386859486,-1.2170298215565145,13903.16483097963,7823.803172844639,13.453083109919572,0,0.25681969394544246,4h,20,2.0,2.5,0,0.6,0.02,3.0
35,15632.527889440655,0.5632527889440655,0.051293863932655226,-0.1405672685291276,0.5853087840527025,0.37265364039350096,0.36490617246380075,0.37142857142857144,2.241452867133481,0.3925557338220787,0.3925557338220787,6.067950051739374,-1.0700535034830723,113.29937145944217,1331.1078129700045,24.6,0,0.26411042944785273,1d,30,3.0,3.5,200,0.6,0.02,3.0
36,29240.50124101159,1.924050124101159,0.12764694131733467,-0.35018724024651915,0.7543426410580172,0.6386305632166305,0.3645105436379574,0.3611111111111111,2.5103436447649075,1.2429637850091524,1.2429637850091524,23.981888196004046,-1.1287466100086148,306.5522411889838,6680.371244563447,38.666666666666664,0,0.4269938650306748,1d,30,2.5,5.0,0,0.6,0.02,3.0
39,18019.55644469975,0.8019556444699749,0.06815413220431599,-0.18842571034972252,0.6615366764530501,0.5993150204652414,0.3617029336273714,0.41025641025641024,2.4116469161818843,0.9128250704722765,0.9128250704722765,23.738321475481182,-1.0984798247672312,106.71943814980924,2352.509626228446,41.282051282051285,0,0.4938650306748466,1d,10,3.0,5.0,100,0.0,0.02,3.0
63,13886.589753861132,0.38865897538611316,0.03744590049395646,-0.10364884171019219,0.4758277154904852,0.383496811333706,0.3612765938924551,0.4444444444444444,1.5274109635072897,0.28760219063743675,0.28760219063743675,4.706291000653778,-1.1612236047103617,213.31973977494613,1192.684391489508,12.015873015873016,0,0.2322085889570552,1d,30,2.0,2.5,0,0.0,0.02,3.0
301,33647.98938363394,2.364798938363394,0.14568027413185258,-0.40707649377312777,0.6760667488599363,0.4981036330295891,0.3578695315506064,0.3754152823920266,1.2269066735855154,0.15072869722720528,0.15072869722720528,7.653712386859488,-1.159383206447533,8903.651297034361,5405.751761210773,13.172757475083056,0,0.20292747837658018,4h,30,2.0,2.5,0,0.6,0.02,3.0
51,12522.168106007906,0.2522168106007907,0.025502000170417594,-0.0719825083396977,0.45210271982778166,0.32229257545726797,0.35428051562289714,0.43137254901960786,1.5777524189450993,0.23968925028490595,0.23968925028490595,4.859878061850985,-1.0442335745581544,128.8007761185737,853.385698398427,13.627450980392156,0,0.21319018404907975,1d,20,2.5,2.5,200,0.0,0.02,3.0
54,12657.615176371926,0.2657615176371926,0.026738019268254032,-0.0755966459435821,0.4958113250779331,0.3786403479604192,0.3536931954389704,0.4444444444444444,1.6964923233131706,0.23206703407742835,0.23206703407742835,3.175351856354782,-1.0366182327612545,115.96317584623945,728.6250866821978,13.25925925925926,0,0.2196319018404908,1d,30,3.0,2.5,100,0.0,0.02,3.0
284,30241.632358706796,2.0241632358706796,0.1320560456730806,-0.37438049972709575,0.7276513438693092,0.5224105322001281,0.3527321689279829,0.38028169014084506,1.2735131716557604,0.13428038863787536,0.13428038863787536,6.145519602067188,-1.1079211600551966,6255.640893698199,3912.846464551997,13.362676056338028,0,0.19422693075387687,4h,30,2.5,2.5,100,0.6,0.02,3.0
50,14881.69415726839,0.48816941572683903,0.04551606565595767,-0.12937737183371514,0.5373691234746384,0.4055645728642121,0.35180855052812565,0.36,1.6907760673254355,0.4546496668884805,0.4546496668884805,12.486790291709795,-1.1287466100086148,151.46918439023307,1452.9825109010205,20.22,0,0.31012269938650305,1d,30,2.5,3.5,0,0.0,0.02,3.0
50,14829.423229174288,0.4829423229174288,0.04510426019514191,-0.1288594233027265,0.5340360457043385,0.4029758371435589,0.3500268667909486,0.38,1.7278494658541035,0.4518158788497426,0.4518158788497426,12.486790291709795,-1.1287466100086145,148.85195762438582,1410.0004764663515,19.68,0,0.301840490797546,1d,20,2.5,3.5,100,0.0,0.02,3.0
328,23083.358562795085,1.3083358562795087,0.09829708865543796,-0.28093182255045973,0.735051589475306,0.5734484644715477,0.34989659684346464,0.38414634146341464,1.2779899423819425,0.14249481777373604,0.14249481777373604,6.145519602067187,-1.1079211600551964,3660.1350860490084,2551.5119461144886,13.810975609756097,0,0.23184400429909413,4h,20,2.5,2.5,100,0.0,0.02,3.0
30,25266.349165861986,1.5266349165861985,0.10935345876382474,-0.31386021768809286,0.7007829589606791,0.541659031981878,0.3484145253238106,0.36666666666666664,3.1853704755456262,1.5011154270471334,1.5011154270471334,23.29336713261556,-1.1124928410975756,238.46457373649804,5476.75631667602,39.0,0,0.3588957055214724,1d,20,2.0,5.0,200,0.6,0.02,3.0
27,17609.36294971058,0.7609362949710579,0.06540380242243105,-0.18793180879311272,0.6837410288279091,0.5431222020371929,0.3480187991721599,0.4074074074074074,3.2149950149530016,1.2071500221225946,1.2071500221225946,15.55642867690923,-1.0537158735671142,83.00852320941314,2373.5041287796053,47.148148148148145,0,0.3904907975460123,1d,20,3.0,5.0,200,0.0,0.02,3.0
284,25814.5562601471,1.58145562601471,0.11214968578992357,-0.32303466417979154,0.7269566282428475,0.5242795479678042,0.3471753908351593,0.38028169014084506,1.300506887051569,0.11155428824170403,0.11155428824170403,5.133871025817393,-1.0308327899311807,4460.515151360103,2812.0069730157597,13.380281690140846,0,0.19448282921336812,4h,30,3.0,2.5,100,0.6,0.02,3.0
55,12975.677417490431,0.2975677417490432,0.029594941585159074,-0.08531047797127168,0.4685780939544401,0.35906500640687156,0.34690863641773495,0.43636363636363634,1.6010893782156386,0.256342193377586,0.256342193377586,3.8089824659456117,-1.0442335745581546,145.0817833332287,895.4762707053601,12.927272727272728,0,0.21809815950920244,1d,30,2.5,2.5,100,0.0,0.02,3.0
30,20812.66062534304,1.0812660625343038,0.0855278595979927,-0.24780885403235575,0.6820822555351727,0.5289020361205657,0.34513641545199003,0.36666666666666664,3.1334524325994715,1.5011154270471334,1.5011154270471334,23.29336713261556,-1.1124928410975756,152.03561881342927,3752.0695205872203,39.0,0,0.3588957055214724,1d,20,2.0,5.0,200,0.0,0.02,3.0
38,24585.837869722553,1.4585837869722553,0.10596743758186578,-0.30758823747702724,0.7347055341391587,0.6038473258556698,0.344510695373324,0.34210526315789475,2.5994625476105417,1.5376553679759772,1.5376553679759772,35.46360011145252,-1.1612236047103617,244.44651524241755,4867.323616530156,33.421052631578945,0,0.3895705521472393,1d,30,2.0,5.0,0,0.0,0.02,3.0
60,22522.6264794184,1.2522626479418397,0.09516700762652408,-0.2766941650069632,0.700174732670752,0.7475055979499091,0.34394295096222627,0.3333333333333333,2.0893321976914008,0.836415690902122,0.836415690902122,27.416866688222232,-1.145273134206356,275.0410407486521,4290.104762130132,34.0,0,0.6257668711656442,1d,10,2.0,5.0,0,0.0,0.02,3.0
328,20327.06136495038,1.032706136495038,0.08275472351415836,-0.24060674998924356,0.7328085981866926,0.5731099266212141,0.34394182007719215,0.38414634146341464,1.2937801996711114,0.11863171979628873,0.11863171979628873,5.133871025817393,-1.0308327899311804,2724.1582828291243,1912.4014730209274,13.820121951219512,0,0.2319975433747889,4h,20,3.0,2.5,100,0.0,0.02,3.0
39,13283.135970861562,0.32831359708615615,0.03229810611577211,-0.09413539265481395,0.5065155833519022,0.35437439857949915,0.34310268651246156,0.38461538461538464,1.8067113291070556,0.3985440016441667,0.3985440016441667,6.067950051739374,-1.0700535034830723,87.00062572430289,1047.483794787357,24.076923076923077,0,0.2880368098159509,1d,20,3.0,3.5,200,0.0,0.02,3.0
404,24043.121003967077,1.4043121003967078,0.10332331769519332,-0.3014891836008115,0.7170384725021023,0.6189005656512341,0.3427098659433141,0.3811881188118812,1.2199556635366602,0.1242543563182783,0.1242543563182783,6.466700883312171,-1.1079211600551964,4789.000279487396,3416.2622242295447,14.185643564356436,0,0.2933108142688981,4h,10,2.5,2.5,100,0.0,0.02,3.0
30,19801.830182923455,0.9801830182923454,0.07949360898425617,-0.23228278642105948,0.7258921848929265,0.5811587635092709,0.3422277225491774,0.36666666666666664,3.073315158072804,1.3704814613987826,1.3704814613987826,23.738321475481186,-1.1946947093358806,103.29163585978128,2711.73014381034,42.766666666666666,0,0.39355828220858896,1d,30,3.0,5.0,100,0.0,0.02,3.0
403,21238.5190497174,1.12385190497174,0.08809104717378613,-0.25877074819791074,0.7210731949644067,0.6226905700243774,0.3404211943863652,0.37965260545905705,1.2365591543486087,0.10447443449008792,0.10447443449008792,5.396792920773618,-1.060134171426124,3558.977266527295,2559.6550057466966,14.253101736972704,0,0.29397615026357543,4h,10,3.0,2.5,100,0.0,0.02,3.0
286,23578.900001859427,1.3578900001859426,0.10091490527936853,-0.2994722929062689,0.6707043532851594,0.4890190630800467,0.336975765938232,0.3776223776223776,1.2483581318917683,0.17243287400086874,0.17243287400086874,7.653712386859488,-1.1593832064475327,4208.676653262521,3070.856141235031,13.125874125874127,0,0.19212856338604842,4h,30,2.0,2.5,100,0.0,0.02,3.0
47,13015.458999889574,0.3015458999889573,0.029947883478901316,-0.08906660817205851,0.47809716101720984,0.31332645295972233,0.3362414275510314,0.44680851063829785,1.878393897867831,0.15955962657183947,0.15955962657183947,3.1753518563547827,-1.0225722209007964,117.63096106001835,722.379309641432,12.957446808510639,0,0.18680981595092025,1d,55,3.0,2.5,0,0.6,0.02,3.0
24,22654.840131558467,1.265484013155847,0.09588494008950477,-0.2879860524646824,0.7324226241508813,0.5571444657734883,0.33294994416878493,0.2916666666666667,4.436156274146824,1.2867939748969628,1.2867939748969628,15.55642867690923,-1.1946947093358806,113.30127801986843,3694.4959413328743,48.75,0,0.3588957055214724,1d,30,3.0,5.0,200,0.6,0.02,3.0
42,15797.444745633946,0.5797444745633946,0.052529838653481375,-0.15864571077542805,0.5334544678168791,0.3523612224839119,0.3311141435638328,0.35714285714285715,1.830802165714998,0.3688165248180978,0.3688165248180978,7.275139859990881,-1.1287466100086148,171.754635225224,1656.2570610354292,21.214285714285715,0,0.2733128834355828,1d,20,2.5,3.5,200,0.6,0.02,3.0
371,32363.955257045916,2.2363955257045918,0.14069490394268636,-0.42862672760148857,0.7094064095705706,0.5691773440108407,0.3282457552985264,0.37735849056603776,1.2203163130431298,0.09665922874435026,0.09665922874435026,6.1455196020671865,-1.1079211600551966,8589.549353616821,4967.918898794067,13.78167115902965,0,0.26168176467577664,4h,20,2.5,2.5,0,0.6,0.02,3.0
76,14073.711156415484,0.4073711156415485,0.03900180983839263,-0.11899642158742428,0.47225899461251597,0.42775796515756404,0.3277561570180393,0.35526315789473684,1.437677037365859,0.25647805957744535,0.25647805957744535,6.021762485710701,-1.1612236047103621,243.99875676564304,1316.4735857393482,12.171052631578947,0,0.2837423312883436,1d,10,2.0,2.5,100,0.0,0.02,3.0
33,21219.82156230995,1.1219821562309948,0.08788514413411908,-0.2682860621030156,0.7049761566310323,0.5637818911920187,0.3275799847566186,0.3333333333333333,2.7566711724528057,1.427163825955582,1.427163825955582,28.439831598620707,-1.1287466100086148,147.58081259962887,3442.2553673509397,37.515151515151516,0,0.37975460122699384,1d,30,2.5,5.0,100,0.0,0.02,3.0
96,13433.162326953967,0.3433162326953967,0.03359701689189909,-0.10258494911599177,0.539818334073991,0.5621481371046808,0.32750434816623325,0.40625,1.4690627179620357,0.1676912586615833,0.1676912586615833,5.647913681188267,-1.0366182327612545,191.06387691967538,916.3591274695785,14.041666666666666,0,0.4134969325153374,1d,10,3.0,2.5,0,0.0,0.02,3.0
301,21760.424640095272,1.176042464009527,0.09105576588837483,-0.2788218981449339,0.6099014669761204,0.45476882565689714,0.32657322288597035,0.3754152823920266,1.2242184083028507,0.15072869722720528,0.15072869722720528,7.653712386859487,-1.1593832064475325,4035.8748754079147,2880.695624610207,13.172757475083056,0,0.20292747837658018,4h,30,2.0,2.5,0,0.0,0.02,3.0
504,22715.76114945134,1.271576114945134,0.0963227320171689,-0.29536650636550577,0.6266364737423562,0.6155293105262342,0.3261125751948763,0.3611111111111111,1.1589640753490642,0.09731949470584382,0.09731949470584382,6.8188518542816325,-1.1079211600551968,5747.9215830006115,3935.5600453597863,14.357142857142858,0,0.3703362505757715,4h,10,2.5,2.5,0,0.0,0.02,3.0
503,20303.963201555736,1.0303963201555737,0.08261675057536655,-0.25364733691562075,0.6298462487297444,0.6191257518363866,0.32571503245409644,0.35984095427435386,1.1723555164702408,0.0815957216296585,0.0815957216296585,5.6796865277135185,-1.060134171426124,4289.178069648282,2924.837197899895,14.41351888667992,0,0.3710527662623471,4h,10,3.0,2.5,0,0.0,0.02,3.0
57,17170.720262539202,0.7170720262539203,0.06239904327741952,-0.19234946189150534,0.5951473481095279,0.5123892151286984,0.3244045637757785,0.3333333333333333,1.7312094215363154,0.2731218592312119,0.2731218592312119,10.422545615772927,-1.0700535034830727,207.8595379349526,1772.5051628069632,21.982456140350877,0,0.3843558282208589,1d,10,3.0,3.5,100,0.6,0.02,3.0
371,27488.435989399302,1.74884359893993,0.12000892523742457,-0.37264177990078395,0.7086834826714056,0.5701242005125807,0.32204903397943463,0.37735849056603776,1.243323289014044,0.08030611673088975,0.08030611673088975,5.133871025817394,-1.0308327899311807,6074.465331694084,3545.899905175489,13.789757412398922,0,0.2618353037514714,4h,20,3.0,2.5,0,0.6,0.02,3.0
300,25897.528999542756,1.5897528999542754,0.11254977503537678,-0.3505860351958789,0.6339160293430938,0.4626548670971683,0.32103325214449324,0.37666666666666665,1.2376911544685556,0.11265915934455843,0.11265915934455843,6.145519602067187,-1.1079211600551966,5600.635166019359,3451.2216122902473,13.386666666666667,0,0.20553764266339117,4h,30,2.5,2.5,0,0.6,0.02,3.0
46,14025.531176366092,0.4025531176366093,0.03860295889447318,-0.12096727874219365,0.47338488354931657,0.33817933798888067,0.3191190154549487,0.3695652173913043,1.6591537489483419,0.42793191849875095,0.42793191849875095,12.486790291709793,-1.1287466100086148,131.21746927403953,1311.205297470554,19.565217391304348,0,0.27607361963190186,1d,30,2.5,3.5,100,0.0,0.02,3.0
300,22689.365849428956,1.2689365849428955,0.09617987431622743,-0.3016046709157183,0.6334717387890241,0.46434468974552134,0.31889384877299976,0.37666666666666665,1.2589227459746324,0.09353492055978042,0.09353492055978042,5.133871025817394,-1.0308327899311807,4108.876642275497,2540.301642713595,13.403333333333334,0,0.20579354112288245,4h,30,3.0,2.5,0,0.6,0.02,3.0
38,12296.509774048973,0.22965097740489737,0.023416143695523806,-0.07388883499027248,0.4337788651626025,0.2524561268480158,0.31691044660003853,0.42105263157894735,1.8394021937949945,0.17116211170275786,0.17116211170275786,3.175351856354782,-0.8269171805452641,93.07753194955617,667.4219935675118,13.763157894736842,0,0.16042944785276073,1d,55,3.0,2.5,200,0.6,0.02,3.0
52,15072.113051537897,0.5072113051537896,0.04700545754333052,-0.14834256257892803,0.48636348706153565,0.3532914070077244,0.31687100941323243,0.34615384615384615,1.5939322847253927,0.4634585447543629,0.4634585447543629,15.570645559034897,-1.161223604710362,203.8891854900257,1808.9054602092046,17.903846153846153,0,0.2855828220858896,1d,30,2.0,3.5,0,0.0,0.02,3.0
72,12889.835088940397,0.2889835088940398,0.028830063374043702,-0.09111820616734938,0.498334740346363,0.44572232685650315,0.3164028857316822,0.375,1.519604801872457,0.1906878862621312,0.1906878862621312,3.6387060696095848,-1.0366182327612545,147.21246128879687,833.0464683415598,13.23611111111111,0,0.29233128834355826,1d,10,3.0,2.5,100,0.0,0.02,3.0
99,15101.807554899075,0.5101807554899074,0.04723621010014778,-0.1497179237669216,0.5272407585891328,0.5512807144770123,0.31550137025466857,0.3939393939393939,1.4189608678402301,0.2392719186666595,0.2392719186666595,8.447674245705441,-1.161223604710362,317.3686369112514,1476.0323884349136,13.373737373737374,0,0.40613496932515336,1d,10,2.0,2.5,0,0.0,0.02,3.0
60,17631.210279819137,0.7631210279819136,0.06555171500167178,-0.2077884173881339,0.5564457973611541,0.4850437408802179,0.3154733830963536,0.31666666666666665,1.6149684671943902,0.2828319485265762,0.2828319485265762,12.486790291709793,-1.115965777307072,264.9159886692386,2098.480384060434,20.166666666666668,0,0.37116564417177916,1d,10,2.5,3.5,100,0.6,0.02,3.0
33,19507.15922181579,0.9507159221815789,0.07768304253058522,-0.24641385253864118,0.7365207900193184,0.6278479734076056,0.31525436468066836,0.3939393939393939,2.778205776641042,1.1894934335003855,1.1894934335003855,19.983944380604427,-1.1946947093358806,111.54710030924294,2795.0364262345856,44.0,0,0.44539877300613495,1d,30,3.0,5.0,0,0.0,0.02,3.0
284,19707.418566717708,0.9707418566717707,0.07900421195957907,-0.2533648713766261,0.6403280086767511,0.4620576030868868,0.31181991224876454,0.38028169014084506,1.2593433189826546,0.13428038863787536,0.13428038863787536,6.145519602067187,-1.1079211600551964,2824.1462150155357,2085.165502784974,13.362676056338028,0,0.19422693075387687,4h,30,2.5,2.5,100,0.0,0.02,3.0
55,19353.83531926383,0.9353835319263832,0.07673133680406052,-0.24628278663554556,0.6691391110526838,0.7188600040241546,0.3115578553104857,0.36363636363636365,2.086035797609929,0.7206332997086431,0.7206332997086431,21.973897978677186,-1.115965777307072,170.86303293539447,3060.2299026339124,39.58181818181818,0,0.6677914110429448,1d,10,2.5,5.0,0,0.0,0.02,3.0
64,14850.619929160132,0.48506199291601315,0.045271409049364664,-0.145838606758731,0.4633437551093768,0.3916360151665891,0.31042129416567793,0.28125,1.474976420922533,0.3773270991909674,0.3773270991909674,15.570645559034894,-1.1452731342063562,220.3445997533152,1860.5766334042894,18.015625,0,0.35368098159509204,1d,10,2.0,3.5,100,0.0,0.02,3.0
509,26375.563990991184,1.6375563990991182,0.11483290200488128,-0.37024499691408336,0.623424299140053,0.6133264761631618,0.31015382506715855,0.3575638506876228,1.1374982414925487,0.11933354493069527,0.11933354493069527,8.529624528890624,-1.2170298215565145,8654.811759762277,5839.48730924198,14.021611001964637,0,0.3652694610778443,4h,10,2.0,2.5,0,0.0,0.02,3.0
284,17762.971094142667,0.7762971094142668,0.06651406954023642,-0.2160605578076083,0.6369187624647467,0.46121101474943743,0.3078491984615908,0.38028169014084506,1.2730872681258567,0.11155428824170405,0.11155428824170405,5.133871025817392,-1.0308327899311807,2139.6556963801754,1582.981125021555,13.380281690140846,0,0.19448282921336812,4h,30,3.0,2.5,100,0.0,0.02,3.0
46,13041.297726148021,0.304129772614802,0.03017661162692198,-0.09823394445507808,0.48190864553642465,0.32076831706512016,0.30719128499132603,0.43478260869565216,1.7947376464920122,0.17548897122859194,0.17548897122859194,3.175351856354782,-1.0366182327612545,128.24478121891786,791.1015363389531,13.91304347826087,0,0.19631901840490798,1d,30,3.0,2.5,200,0.6,0.02,3.0
411,26728.51005373334,1.6728510053733339,0.11649513546384527,-0.3793966040799884,0.6762336708254427,0.5829108612927032,0.3070537116333401,0.3746958637469586,1.1772037352340936,0.14320655962449932,0.14320655962449932,8.065720693913505,-1.2170298215565143,7062.625428293015,4904.4298878068785,13.722627737226277,0,0.2886534623061569,4h,10,2.0,2.5,100,0.0,0.02,3.0
39,19159.882359793235,0.9159882359793234,0.07551780154110443,-0.24613967210656723,0.638172227148362,0.5387629068041743,0.30680873544191883,0.3076923076923077,2.448802807537623,1.010270780913111,1.010270780913111,21.236915446455125,-1.1452731342063558,164.2177471862784,3290.6713092109517,34.30769230769231,0,0.41042944785276075,1d,10,2.0,5.0,200,0.0,0.02,3.0
73,13242.75761562014,0.324275761562014,0.031946290338595196,-0.1047247900100869,0.4716632866655639,0.4236314468304252,0.30504993455244156,0.3698630136986301,1.4567890966255976,0.21274985404042415,0.21274985404042415,4.364133002050896,-1.0459305956139282,183.41502133003337,1019.5824591214364,12.986301369863014,0,0.2907975460122699,1d,10,2.5,2.5,100,0.0,0.02,3.0
97,13837.328046963508,0.38373280469635085,0.03703319558752605,-0.12175428825922095,0.507693931596854,0.5276465712854346,0.3041633778736444,0.4020618556701031,1.410748517908852,0.18727657879542234,0.18727657879542234,6.769740317891915,-1.0459305956139282,237.82874093841087,1124.742246716095,13.845360824742269,0,0.4119631901840491,1d,10,2.5,2.5,0,0.0,0.02,3.0
36,20856.335034755088,1.085633503475509,0.0857826666053878,-0.283929628699673,0.7123136915399567,0.60213665497147,0.30212650577627653,0.3611111111111111,2.505511059413974,1.2429637850091528,1.2429637850091528,23.98188819600405,-1.1287466100086145,158.59784283191505,3536.475180809906,38.666666666666664,0,0.4269938650306748,1d,30,2.5,5.0,0,0.0,0.02,3.0
35,18659.721547964808,0.8659721547964807,0.07233728301667242,-0.23953058732288793,0.6293219452682437,0.5459663713262639,0.30199601572872004,0.34285714285714286,2.6934347481612977,0.8956124047427255,0.8956124047427255,17.006597118291136,-1.115965777307072,132.40483744031846,2840.4340727579133,40.68571428571428,0,0.4368098159509202,1d,10,2.5,5.0,200,0.6,0.02,3.0
44,13002.804385177096,0.3002804385177096,0.02983571585625522,-0.09904760115831829,0.47834258118461725,0.30744057137247277,0.30122603180026164,0.4318181818181818,1.873557589582616,0.17288477410051908,0.17288477410051908,3.175351856354782,-1.0225722209007966,115.9028199606133,730.6107882956358,13.159090909090908,0,0.17760736196319019,1d,55,3.0,2.5,100,0.6,0.02,3.0
37,22053.322720967233,1.2053322720967232,0.09258805573805695,-0.3075289983431843,0.6697707854985379,0.5252260774421283,0.3010709761904603,0.2702702702702703,2.6332349702249265,1.4282963401553423,1.4282963401553423,35.46360011145252,-1.1612236047103621,203.8164162812003,4207.177520829706,30.864864864864863,0,0.35030674846625764,1d,30,2.0,5.0,100,0.0,0.02,3.0
48,13204.327935208803,0.3204327935208804,0.03161056744428725,-0.10574172412885091,0.43628232106261405,0.2835644287347814,0.2989412902495177,0.4375,1.6965505271231636,0.1628110532960196,0.1628110532960196,3.8089824659456113,-1.0294609230776874,146.11968167696216,870.2008656101926,12.583333333333334,0,0.18527607361963191,1d,55,2.5,2.5,0,0.6,0.02,3.0
39,20364.33843726607,1.036433843726607,0.08288441867348406,-0.2783258093702138,0.6183360657250847,0.5252331905851615,0.2977963806555781,0.3076923076923077,2.4884706306742204,1.010270780913111,1.010270780913111,21.23691544645512,-1.145273134206356,205.9857835006778,3777.925886111833,34.30769230769231,0,0.41042944785276075,1d,10,2.0,5.0,200,0.6,0.02,3.0
38,15365.558821670404,0.5365558821670404,0.04926829297649182,-0.16902303225612297,0.5044452059918787,0.31343446917727324,0.2914886351218388,0.34210526315789475,1.8850158233555603,0.3470286782506532,0.3470286782506532,7.2751398599908805,-1.1287466100086145,147.62209470827662,1544.9496321037702,21.394736842105264,0,0.24938650306748467,1d,30,2.5,3.5,200,0.6,0.02,3.0
35,17018.042138317363,0.7018042138317364,0.06133717138883954,-0.21173432197202727,0.6157613671908665,0.5299034731772331,0.2896893182813457,0.34285714285714286,2.422525662406801,0.8956124047427257,0.8956124047427257,17.006597118291136,-1.1159657773070721,106.315825731703,2432.015932951215,40.68571428571428,0,0.4368098159509202,1d,10,2.5,5.0,200,0.0,0.02,3.0
300,18049.78946450858,0.8049789464508579,0.06843056030948236,-0.23767814616013344,0.5605508595986365,0.4141647256014395,0.2879127147995252,0.37666666666666665,1.2201090894992632,0.11265915934455843,0.11265915934455843,6.145519602067187,-1.1079211600551966,2730.7091559909804,1971.1773307342078,13.386666666666667,0,0.20553764266339117,4h,30,2.5,2.5,0,0.0,0.02,3.0
300,16509.393539616754,0.6509393539616755,0.05780123930241565,-0.2023258310625379,0.5572292847341326,0.41309072759564813,0.28568393367700823,0.37666666666666665,1.2310125315982228,0.09353492055978042,0.09353492055978042,5.133871025817394,-1.0308327899311807,2098.5370350488183,1513.5872276961227,13.403333333333334,0,0.20579354112288245,4h,30,3.0,2.5,0,0.0,0.02,3.0
42,13150.196139957257,0.31501961399572576,0.031136195457835303,-0.10930060584785936,0.4316075076683419,0.29569756337989933,0.2848675468567414,0.35714285714285715,1.5959489343095468,0.3688165248180977,0.3688165248180977,7.2751398599908805,-1.1287466100086145,113.0766613821265,1206.8935319273294,21.214285714285715,0,0.2733128834355828,1d,20,2.5,3.5,200,0.0,0.02,3.0
28,22369.00459977984,1.236900459977984,0.09432811068885494,-0.33181282837939413,0.6545351084967906,0.48362948742150585,0.2842810844582548,0.25,3.1170432435973945,1.1768710133967535,1.1768710133967535,18.65449209670004,-1.1287466100086145,159.23509869186606,4426.599093414381,38.67857142857143,0,0.33220858895705524,1d,30,2.5,5.0,200,0.6,0.02,3.0
64,12854.254669763635,0.2854254669763636,0.028511705570187118,-0.10104363756174647,0.4474462034075223,0.3583267655141803,0.28217220062731785,0.40625,1.4705239539317476,0.15091205849077532,0.15091205849077532,3.6387060696095848,-1.0366182327612548,170.96579665762278,897.4607930005672,13.59375,0,0.2668711656441718,1d,10,3.0,2.5,200,0.6,0.02,3.0
29,21839.013432460113,1.1839013432460113,0.09139412245177914,-0.32581976246118943,0.6122780578004657,0.44864721598270346,0.280505153405683,0.3103448275862069,3.100291430405492,1.2777283683232885,1.2777283683232885,21.236915446455125,-1.1612236047103621,190.21236229113256,4234.5618809105235,33.3448275862069,0,0.29662576687116565,1d,55,2.0,5.0,0,0.6,0.02,3.0
83,15082.912356104851,0.5082912356104852,0.047089424367780186,-0.1687917824336511,0.4688552369801359,0.46620443758252716,0.27897936551674346,0.3132530120481928,1.396016032091089,0.2994230843690047,0.2994230843690047,12.274622364231632,-1.145273134206356,277.77808542019295,1992.8789786392642,19.55421686746988,0,0.49785276073619633,1d,10,2.0,3.5,0,0.0,0.02,3.0
83,17206.493922247297,0.7206493922247297,0.06264663514770685,-0.22607122763697687,0.5053097191796576,0.4924431556916359,0.2771101648030339,0.3132530120481928,1.4598711571018217,0.29942308436900483,0.29942308436900483,12.274622364231634,-1.1452731342063558,391.20198159283257,2421.635871224856,19.55421686746988,0,0.49785276073619633,1d,10,2.0,3.5,0,0.6,0.02,3.0
33,17039.591262563295,0.7039591262563296,0.06148755642282078,-0.2243185830841471,0.6082499623785332,0.5261681934035313,0.27410817051994024,0.36363636363636365,2.6664366860422226,0.7946244648430211,0.7946244648430211,14.181660569394863,-1.0984798247672314,101.66896683181402,2362.5835883979926,44.90909090909091,0,0.454601226993865,1d,10,3.0,5.0,200,0.6,0.02,3.0
45,13188.219625291991,0.31882196252919903,0.03146958660788335,-0.11753584283341037,0.4362183349671023,0.2780048876275007,0.2677445947487425,0.4222222222222222,1.689601435401902,0.17651668216073985,0.17651668216073985,3.8089824659456117,-1.0294609230776874,144.38275310532853,881.9200643940773,12.755555555555556,0,0.17607361963190185,1d,55,2.5,2.5,100,0.6,0.02,3.0
25,17642.11500784622,0.764211500784622,0.06562548219735742,-0.2457192407412514,0.5820432242003628,0.4426890462575147,0.26707506501887135,0.36,2.9978611442508636,0.9977495029264518,0.9977495029264518,14.181660569394863,-1.1946947093358808,96.69876620720812,2644.956376709369,44.52,0,0.3414110429447853,1d,55,3.0,5.0,0,0.6,0.02,3.0
373,21872.980696439747,1.1872980696439748,0.09168686130022063,-0.34346914187973027,0.5775982892298065,0.47688773536040935,0.2669435187057528,0.3753351206434316,1.1812674698883954,0.12617171532727967,0.12617171532727967,7.653712386859488,-1.2170298215565145,4981.982355470571,3300.654259839664,13.453083109919572,0,0.25681969394544246,4h,20,2.0,2.5,0,0.0,0.02,3.0
24,17546.665694088024,0.7546665694088024,0.0649784176203343,-0.24571924074125126,0.5776687374607936,0.4326345957807676,0.26444171577413533,0.3333333333333333,2.9852093774494906,1.0213608365600937,1.0213608365600937,14.181660569394863,-1.1946947093358806,95.2272856315178,2627.8995237896834,44.625,0,0.3285276073619632,1d,55,3.0,5.0,100,0.6,0.02,3.0
33,15779.11721639986,0.577911721639986,0.052393049840295136,-0.1986904966213451,0.6045296629863653,0.5236955305376879,0.2636917755565497,0.36363636363636365,2.4608735560126918,0.7946244648430213,0.7946244648430213,14.181660569394865,-1.0984798247672314,80.2610286820902,1984.7458592768694,44.90909090909091,0,0.454601226993865,1d,10,3.0,5.0,200,0.0,0.02,3.0
47,13224.469629862382,0.3224469629862383,0.03178663396737025,-0.12088328019604272,0.43863855469345125,0.28947223810697237,0.26295310580437764,0.425531914893617,1.6313078498725435,0.1808917521980237,0.1808917521980237,3.8089824659456113,-1.0442335745581544,159.58647501048182,960.3821186631536,13.51063829787234,0,0.19478527607361965,1d,30,2.5,2.5,200,0.6,0.02,3.0
54,16830.399016514093,0.6830399016514093,0.060020469291950596,-0.228752439462783,0.6129404560324307,0.6543301152305657,0.2623817670880649,0.37037037037037035,1.9690825856176268,0.5705256663634383,0.5705256663634383,18.334097666932422,-1.0984798247672314,125.41743986942751,2317.601656029079,40.888888888888886,0,0.6773006134969325,1d,10,3.0,5.0,0,0.0,0.02,3.0
30,20730.115340005093,1.0730115340005093,0.08504497099998476,-0.3258197624611897,0.5802434088446372,0.41666293292551926,0.2610184549812719,0.23333333333333334,2.967362092511217,1.083667161845362,1.083667161845362,21.236915446455125,-1.161223604710362,180.73594792224,4017.838998521395,30.4,0,0.27975460122699386,1d,55,2.0,5.0,100,0.6,0.02,3.0
65,13000.230353832007,0.30002303538320074,0.029812888364600276,-0.1146405465781622,0.40501795238347327,0.3215356339357734,0.2600553578508436,0.4,1.3828561696020505,0.16084236244977246,0.16084236244977246,4.364133002050894,-1.0459305956139284,211.665682479665,1088.575116700254,13.307692307692308,0,0.26533742331288346,1d,10,2.5,2.5,200,0.6,0.02,3.0
27,18906.83529199843,0.8906835291998432,0.07391801535981912,-0.28608774015229793,0.5819594440858604,0.4346742376487603,0.25837533380657657,0.3333333333333333,3.070330562581821,1.0739232690970266,1.0739232690970266,17.00659711829114,-1.1287466100086148,131.44203529990818,3232.911645890132,38.74074074074074,0,0.32085889570552145,1d,55,2.5,5.0,0,0.6,0.02,3.0
76,15207.620207925253,0.5207620207925252,0.048055205206444906,-0.18645951974304587,0.5132938764346512,0.5022760052552201,0.25772460034579253,0.34210526315789475,1.5272067967795293,0.20136010985750624,0.20136010985750624,8.200592766963362,-1.0700535034830727,210.45752224281722,1559.7323190623538,22.960526315789473,0,0.5352760736196319,1d,10,3.0,3.5,0,0.6,0.02,3.0
29,18440.873226065538,0.8440873226065537,0.07092175896850628,-0.2770882434037406,0.5990210961495711,0.42249853968875106,0.25595369221482045,0.3103448275862069,2.822250930108912,1.277728368323288,1.277728368323288,21.236915446455125,-1.1612236047103617,128.66179587766746,2814.7497865359737,33.3448275862069,0,0.29662576687116565,1d,55,2.0,5.0,0,0.0,0.02,3.0
26,18783.29141225084,0.878329141225084,0.07313004078652119,-0.286087740152297,0.5774732958869351,0.42494579138395755,0.25562102293370165,0.3076923076923077,3.055728407360399,1.0953903251576826,1.0953903251576826,17.006597118291136,-1.1287466100086145,129.452625550449,3210.579062892961,38.65384615384615,0,0.30828220858895705,1d,55,2.5,5.0,100,0.6,0.02,3.0
24,17043.98229579659,0.7043982295796591,0.061518179444048915,-0.24185290745176508,0.6555704559129973,0.4956526883093657,0.2543619594745539,0.2916666666666667,3.323974727148613,1.2867939748969628,1.2867939748969628,15.556428676909228,-1.1946947093358808,69.80354292641367,2207.1431767042873,48.75,0,0.3588957055214724,1d,30,3.0,5.0,200,0.0,0.02,3.0
35,12836.10958561504,0.2836109585615041,0.02834904999555299,-0.11168043857669549,0.46060789000420455,0.30376513040189485,0.25384078319216613,0.37142857142857144,1.7889932566573143,0.39255573382207865,0.39255573382207865,6.067950051739373,-1.0700535034830725,75.63975088029915,982.9593107717394,24.6,0,0.26411042944785273,1d,30,3.0,3.5,200,0.0,0.02,3.0
51,13224.442654911358,0.3224442654911357,0.03178639832794383,-0.12650853022424602,0.37339977377519173,0.24231781144217615,0.25125893306641073,0.4117647058823529,1.5279444041943357,0.13312888253369878,0.13312888253369878,4.386543157687259,-1.1612236047103621,187.40158187219197,1041.2085055780967,11.215686274509803,0,0.1754601226993865,1d,55,2.0,2.5,0,0.6,0.02,3.0
58,13060.150883474163,0.3060150883474164,0.03034324869833771,-0.12111356599166499,0.40382448438442275,0.31051740489603163,0.25053550731406854,0.41379310344827586,1.4596258400378064,0.25836021998037617,0.25836021998037617,4.706291000653778,-1.1612236047103617,188.71456254181896,1100.3847847237982,11.689655172413794,0,0.20797546012269938,1d,30,2.0,2.5,100,0.0,0.02,3.0
25,15455.411991249859,0.5455411991249859,0.04995350013737787,-0.19980718264516853,0.57093852527861,0.4224048627480172,0.2500085306046718,0.36,2.789898134820491,0.9977495029264518,0.9977495029264518,14.181660569394865,-1.1946947093358806,65.99967799718712,1812.440149703503,44.52,0,0.3414110429447853,1d,55,3.0,5.0,0,0.0,0.02,3.0
24,20762.292368409016,1.0762292368409017,0.0852334088287765,-0.3416894754697649,0.6186788885787237,0.40879912310885064,0.24944698314630576,0.25,3.8591100456563274,1.3992591199167859,1.3992591199167859,21.236915446455125,-1.161223604710362,135.11563181079765,3769.6130554165957,34.875,0,0.25674846625766873,1d,55,2.0,5.0,200,0.6,0.02,3.0
49,13951.950272389087,0.39519502723890865,0.03799147581853535,-0.15334102770864738,0.41315392474034746,0.2856438805692974,0.2477580617936141,0.32653061224489793,1.5444522597127588,0.41022988355117673,0.41022988355117673,15.570645559034894,-1.1612236047103621,176.50746736037723,1610.9429205968631,17.122448979591837,0,0.25736196319018406,1d,30,2.0,3.5,100,0.0,0.02,3.0
78,15636.81792995132,0.5636817929951319,0.051326162158071176,-0.20721484193428027,0.4863336749787403,0.4806522253830058,0.2476953951703404,0.3333333333333333,1.4633766384709663,0.2297035663000382,0.2297035663000382,9.83229516587257,-1.1159657773070721,263.59890649667693,1830.9682388111842,22.012820512820515,0,0.5266871165644171,1d,10,2.5,3.5,0,0.6,0.02,3.0
20,17421.97940722744,0.7421979407227441,0.06412842643036387,-0.2607644055018494,0.6106020933933914,0.4255780026978006,0.2459247699353241,0.3,4.0282000112862395,1.1641654162440696,1.1641654162440696,14.181660569394863,-1.1946947093358808,68.64956338654044,2437.556069734183,49.1,0,0.30122699386503066,1d,55,3.0,5.0,200,0.6,0.02,3.0
29,12355.402590618347,0.23554025906183473,0.023963772431369268,-0.09767670545745007,0.3716511182418302,0.21084271536815163,0.24533764032211722,0.3793103448275862,1.717865573978898,0.2729626746408974,0.2729626746408974,5.183108737985492,-1.0700535034830725,72.37523309301636,916.7143757649749,24.379310344827587,0,0.21687116564417178,1d,55,3.0,3.5,200,0.6,0.02,3.0
24,15325.429737973507,0.5325429737973506,0.048961124356736496,-0.19980718264516906,0.5600548832760911,0.4061114113579195,0.24504186340330383,0.3333333333333333,2.762808517455674,1.0213608365600937,1.0213608365600937,14.181660569394863,-1.1946947093358806,64.41189913858692,1796.0641678905833,44.625,0,0.3285276073619632,1d,55,3.0,5.0,100,0.0,0.02,3.0
30,21716.909624241838,1.1716909624241838,0.09070921216663819,-0.37427372357563304,0.5968882011880853,0.42658454938834595,0.24236062125880903,0.23333333333333334,2.7711661695184255,1.2467597305166234,1.2467597305166234,23.293367132615558,-1.1612236047103617,208.0016411709738,4969.073697821705,33.4,0,0.30736196319018405,1d,30,2.0,5.0,200,0.6,0.02,3.0
68,13689.213544642971,0.3689213544642971,0.035784414174605095,-0.14794032447072275,0.4042517253786759,0.3266115863799299,0.2418841130883608,0.38235294117647056,1.3650491558820455,0.18715798064416753,0.18715798064416753,6.021762485710702,-1.161223604710362,279.1530616761175,1386.2719416586979,12.426470588235293,0,0.25920245398773006,1d,10,2.0,2.5,200,0.6,0.02,3.0
27,16380.456275041623,0.6380456275041622,0.05680928946355568,-0.23658301003874,0.5685104127610265,0.41229675067908217,0.24012413002207247,0.3333333333333333,2.776080550438855,1.0739232690970264,1.0739232690970264,17.006597118291133,-1.1287466100086148,89.61646413593337,2193.4336084595475,38.74074074074074,0,0.32085889570552145,1d,55,2.5,5.0,0,0.0,0.02,3.0
57,13075.500183466656,0.30755001834666573,0.030478758605599676,-0.12708451699913687,0.430981488899955,0.37171550518139396,0.23983062079707698,0.3333333333333333,1.4679147378554296,0.27312185923121196,0.27312185923121196,10.422545615772927,-1.0700535034830725,120.36731313182094,1172.1703531732721,21.982456140350877,0,0.3843558282208589,1d,10,3.0,3.5,100,0.0,0.02,3.0
371,18459.21732013313,0.8459217320133132,0.07111998681066267,-0.29890692820701475,0.5439305971957046,0.4484680265130786,0.2379335508791115,0.37735849056603776,1.1830223344687063,0.09665922874435026,0.09665922874435026,6.145519602067187,-1.1079211600551966,3417.929371348345,2306.1203232811076,13.78167115902965,0,0.26168176467577664,4h,20,2.5,2.5,0,0.0,0.02,3.0
39,12285.085698449797,0.22850856984497958,0.023309644590572942,-0.09835499278968406,0.37432278145334336,0.2132170160910088,0.23699503125801427,0.41025641025641024,1.6089402963631685,0.164698134703341,0.164698134703341,3.808982465945612,-1.0294609230776872,115.06118633382205,799.331700073582,13.282051282051283,0,0.1588957055214724,1d,55,2.5,2.5,200,0.6,0.02,3.0
371,16867.68489835238,0.6867684898352382,0.06034984825631029,-0.2564112576718511,0.5414467038125554,0.4474233339161718,0.2353634891239626,0.37735849056603776,1.1932320683445181,0.08030611673088975,0.08030611673088975,5.133871025817392,-1.0308327899311807,2616.5635489467822,1766.135823902178,13.789757412398922,0,0.2618353037514714,4h,20,3.0,2.5,0,0.0,0.02,3.0
26,16216.347749801691,0.6216347749801692,0.05561854960538115,-0.2365830100387395,0.5573797529055733,0.3959748453568286,0.23509105576209316,0.3076923076923077,2.7482047904476996,1.0953903251576826,1.0953903251576826,17.006597118291136,-1.1287466100086145,87.48853845907796,2170.969920226925,38.65384615384615,0,0.30828220858895705,1d,55,2.5,5.0,100,0.0,0.02,3.0
22,18384.917228752765,0.8384917228752766,0.07055743812619686,-0.3031465544701341,0.5992365993031856,0.4073747496652367,0.23275025589363296,0.2727272727272727,4.006473328442878,1.20945515312874,1.20945515312874,17.006597118291133,-1.1287466100086145,94.08443973389024,2943.010751793078,41.63636363636363,0,0.2809815950920245,1d,55,2.5,5.0,200,0.6,0.02,3.0
36,12980.160643332212,0.29801606433322125,0.02963476473651183,-0.12875507218073737,0.4086729151170927,0.2571164345706432,0.23016386255379997,0.3888888888888889,1.7338341703537692,0.2620965469301224,0.2620965469301224,5.183108737985492,-1.0700535034830725,96.44439714484777,1000.569430605025,22.52777777777778,0,0.24877300613496933,1d,55,3.0,3.5,0,0.6,0.02,3.0
48,13243.567809831802,0.3243567809831802,0.03195335890377682,-0.13909211217997278,0.37655542585059865,0.23961880161607976,0.22972804426488272,0.3958333333333333,1.5292149949976392,0.1474718674520101,0.1474718674520101,4.386543157687258,-1.161223604710362,186.04197668818045,1059.435577411996,11.291666666666666,0,0.16625766871165645,1d,55,2.0,2.5,100,0.6,0.02,3.0
78,13487.149260881217,0.3487149260881217,0.03406127894598732,-0.15225348400570082,0.41117108399255703,0.41504390704542704,0.2237142825888435,0.3333333333333333,1.3491610403453305,0.22970356630003821,0.22970356630003821,9.832295165872571,-1.115965777307072,189.63850808137798,1493.2899042187566,22.012820512820515,0,0.5266871165644171,1d,10,2.5,3.5,0,0.0,0.02,3.0
28,17217.40377483644,0.721740377483644,0.06272205199907299,-0.2821305181104314,0.5936849747023947,0.43705762420662286,0.22231572968126176,0.25,2.6314878504017076,1.1768710133967535,1.1768710133967535,18.65449209670004,-1.1287466100086143,98.84313974013419,2630.6548706605668,38.67857142857143,0,0.33220858895705524,1d,30,2.5,5.0,200,0.0,0.02,3.0
60,13215.638882012316,0.3215638882012315,0.0317094702423546,-0.1433167284611066,0.39393764529584774,0.33882999498099986,0.22125449403458813,0.31666666666666665,1.3934365391428354,0.282831948526576,0.282831948526576,12.486790291709793,-1.115965777307072,152.22002843720003,1390.2146856863656,20.166666666666668,0,0.37116564417177916,1d,10,2.5,3.5,100,0.0,0.02,3.0
76,13019.09093981844,0.30190909398184385,0.02998005828054473,-0.13628893053538266,0.4177531388522796,0.42226236228224795,0.21997427203203018,0.34210526315789475,1.3696841750563136,0.20136010985750624,0.20136010985750624,8.200592766963362,-1.0700535034830725,149.97789648667,1237.3219027581765,22.960526315789473,0,0.5352760736196319,1d,10,3.0,3.5,0,0.0,0.02,3.0
54,12320.64578638967,0.232064578638967,0.023640859173733375,-0.10790840700435138,0.3549863052860481,0.2508849119198499,0.21908264453185805,0.4074074074074074,1.3932774988715797,0.22098235064190455,0.22098235064190455,6.069040843397174,-1.1612236047103617,163.94745632059895,1020.6581692811538,12.277777777777779,0,0.20337423312883435,1d,20,2.0,2.5,200,0.0,0.02,3.0
30,16868.25697678972,0.686825697678972,0.06028716679719248,-0.27708824340374133,0.5332015652290331,0.36852665158868764,0.21757388930193228,0.23333333333333334,2.545233024758681,1.0836671618453615,1.0836671618453615,21.236915446455125,-1.161223604710362,118.64896378581084,2574.062721046498,30.4,0,0.27975460122699386,1d,55,2.0,5.0,100,0.0,0.02,3.0
41,13708.284396253477,0.3708284396253476,0.035945875210039446,-0.1661975882196435,0.37872093449350686,0.23374396864619118,0.2162839761701841,0.34146341463414637,1.5968769316293263,0.2893984903648093,0.2893984903648093,7.761661018451344,-1.161223604710362,169.51424069029864,1476.1556261990427,17.78048780487805,0,0.2236196319018405,1d,55,2.0,3.5,0,0.6,0.02,3.0
44,11523.705670476875,0.15237056704768737,0.016005489427573627,-0.07407239686412505,0.3552489317111308,0.22615876323103376,0.21607899980519532,0.4318181818181818,1.5421072451750175,0.17288477410051908,0.17288477410051908,3.175351856354782,-1.0225722209007966,83.64957118769482,597.3069153354818,13.159090909090908,0,0.17760736196319019,1d,55,3.0,2.5,100,0.0,0.02,3.0
24,17270.653593070485,0.7270653593070484,0.06308954559443491,-0.2925444528991606,0.5750116713839439,0.3716223030539732,0.21565797939153453,0.25,3.032794068103176,1.3992591199167863,1.3992591199167863,21.236915446455125,-1.1612236047103621,99.00203239757795,2552.7671011597167,34.875,0,0.25674846625766873,1d,55,2.0,5.0,200,0.0,0.02,3.0
20,14980.301960360855,0.49803019603608556,0.04628944144770997,-0.21555784702547148,0.565835349327203,0.3883722494533733,0.2147425486312273,0.3,3.169317857078615,1.1641654162440696,1.1641654162440696,14.181660569394866,-1.1946947093358808,50.67172288334823,1697.3276122897794,49.1,0,0.30122699386503066,1d,55,3.0,5.0,200,0.0,0.02,3.0
46,11619.68412763466,0.16196841276346596,0.016949446553049752,-0.07923050936708474,0.3745776166557292,0.2526562659740764,0.21392575522291382,0.43478260869565216,1.5245919805333559,0.17548897122859192,0.17548897122859192,3.175351856354782,-1.0366182327612545,92.117032867913,652.410656387822,13.91304347826087,0,0.19631901840490798,1d,30,3.0,2.5,200,0.0,0.02,3.0
47,11497.886058918974,0.14978860589189735,0.015750359550759985,-0.07407239686412412,0.3464810128667635,0.22599620433512432,0.2126346684805125,0.44680851063829785,1.513202366320173,0.15955962657183945,0.15955962657183945,3.175351856354782,-1.0225722209007966,86.38095300645654,592.3384177571188,12.957446808510639,0,0.18680981595092025,1d,55,3.0,2.5,0,0.0,0.02,3.0
45,13869.935045873555,0.3869935045873556,0.03730651630021975,-0.1766523566811349,0.37723496168769166,0.23518836992326625,0.21118606624399364,0.3333333333333333,1.4973283016167063,0.3115025392832828,0.3115025392832828,7.761661018451345,-1.161223604710362,207.72819126329068,1800.7322818397322,18.488888888888887,0,0.2552147239263804,1d,20,2.0,3.5,200,0.6,0.02,3.0
30,17981.718618757594,0.7981718618757594,0.0679027719929497,-0.322521221411525,0.5706795512711357,0.4063272443919405,0.21053737703141184,0.23333333333333334,2.5190576905186295,1.2467597305166238,1.2467597305166238,23.29336713261556,-1.161223604710362,137.45344257643538,3234.764764029794,33.4,0,0.30736196319018405,1d,30,2.0,5.0,200,0.0,0.02,3.0
56,13095.525544099675,0.30955255440996754,0.030655338477525662,-0.14831679023545824,0.36926283492553974,0.2871887882466337,0.2066882544374053,0.30357142857142855,1.3700696733583801,0.2898452573106776,0.2898452573106776,7.7616610184513455,-1.145273134206356,179.41694019792453,1632.8844271058006,18.910714285714285,0,0.3248466257668712,1d,10,2.0,3.5,200,0.0,0.02,3.0
22,15658.094900509514,0.5658094900509514,0.05148623288057674,-0.2545846445540107,0.5533368248050703,0.3704372629548557,0.2022362070217233,0.2727272727272727,3.061724351126348,1.2094551531287403,1.2094551531287403,17.006597118291136,-1.1287466100086145,69.25479857120557,2028.935900205061,41.63636363636363,0,0.2809815950920245,1d,55,2.5,5.0,200,0.0,0.02,3.0
64,11922.55762516551,0.19225576251655085,0.01988349847122839,-0.10114520906599263,0.39666422747358443,0.32144583166752333,0.19658369046679527,0.40625,1.390627275061883,0.15091205849077532,0.15091205849077532,3.6387060696095856,-1.0366182327612548,126.76113908976768,768.3566545174544,13.59375,0,0.2668711656441718,1d,10,3.0,2.5,200,0.0,0.02,3.0
45,12714.483804173295,0.27144838041732955,0.027253474527873633,-0.1393406393876259,0.34225014326181374,0.2247360311177211,0.19558884362557238,0.3333333333333333,1.4345023820669132,0.3115025392832828,0.3115025392832828,7.7616610184513455,-1.161223604710362,148.009457012319,1434.6672041583333,18.488888888888887,0,0.2552147239263804,1d,20,2.0,3.5,200,0.0,0.02,3.0
40,13291.939601749646,0.3291939601749645,0.032374685845997675,-0.1661331354949715,0.34885716318582694,0.21019598328290615,0.1948719365919485,0.3,1.5464093076065657,0.24344986794259915,0.24344986794259915,7.761661018451344,-1.1612236047103617,162.91900234262687,1430.3313466690286,17.2,0,0.21104294478527608,1d,55,2.0,3.5,100,0.6,0.02,3.0
50,13130.347984272956,0.31303479842729565,0.03096182598424657,-0.16205530251227485,0.36437022053821694,0.2387218052633257,0.191057160760916,0.4,1.4552892602134875,0.14565720578761376,0.14565720578761376,4.706291000653778,-1.161223604710362,203.94933994853466,1157.1320291248383,12.06,0,0.18496932515337422,1d,30,2.0,2.5,200,0.6,0.02,3.0
35,12587.099821796905,0.25870998217969055,0.02609600683413804,-0.1385424063471201,0.3664832845125503,0.22526321491648413,0.18836114892326977,0.37142857142857144,1.6270458277557165,0.2242469821638594,0.2242469821638594,5.183108737985492,-1.0700535034830725,93.4995117346059,980.7760273932447,22.02857142857143,0,0.23650306748466257,1d,55,3.0,3.5,100,0.6,0.02,3.0
36,11878.22181618482,0.18782218161848196,0.01945816534334277,-0.10483756847612594,0.345812261819596,0.22290530439561326,0.18560298208150322,0.3888888888888889,1.5548195937114258,0.2620965469301224,0.2620965469301224,5.183108737985492,-1.0700535034830725,70.4952964046949,830.8521567219374,22.52777777777778,0,0.24877300613496933,1d,55,3.0,3.5,0,0.0,0.02,3.0
68,12382.602614368016,0.23826026143680146,0.024215916118264236,-0.13060159687910722,0.3440928460168584,0.28009322127650116,0.18541822379614517,0.38235294117647056,1.293413464335104,0.18715798064416755,0.18715798064416755,6.021762485710701,-1.1612236047103621,203.31536735978528,1172.9218232858912,12.426470588235293,0,0.25920245398773006,1d,10,2.0,2.5,200,0.0,0.02,3.0
38,11293.800848997374,0.1293800848997375,0.013715644631052681,-0.07407239686412358,0.33657923485892727,0.20036491706891066,0.1851653950959936,0.42105263157894735,1.537801583947254,0.17116211170275789,0.17116211170275789,3.175351856354782,-0.8269171805452641,72.09883265699418,582.3397343888186,13.763157894736842,0,0.16042944785276073,1d,55,3.0,2.5,200,0.0,0.02,3.0
50,12884.66700438822,0.28846670043882194,0.028783870127302214,-0.155855953859014,0.381060978019184,0.2966366944754917,0.1846825187912928,0.34,1.4356267252204222,0.19867234220702173,0.19867234220702173,6.067950051739373,-1.0700535034830725,133.55679732253634,1247.675374908582,22.84,0,0.35030674846625764,1d,10,3.0,3.5,200,0.6,0.02,3.0
45,11547.574319137422,0.15475743191374214,0.0162408902186717,-0.08813225548804297,0.3111935846464197,0.19692737137985045,0.18427861772895537,0.4222222222222222,1.4223140948490465,0.1765166821607399,0.1765166821607399,3.8089824659456113,-1.0294609230776874,103.09055778005236,717.2629228425716,12.755555555555556,0,0.17607361963190185,1d,55,2.5,2.5,100,0.0,0.02,3.0
48,11516.480866847562,0.15164808668475627,0.01593415057203984,-0.08813225548804307,0.3029577119305169,0.19649038494078658,0.18079817070155013,0.4375,1.400606209194349,0.1628110532960196,0.1628110532960196,3.8089824659456113,-1.0294609230776874,106.17552756399928,710.1871634356351,12.583333333333334,0,0.18527607361963191,1d,55,2.5,2.5,0,0.0,0.02,3.0
65,12021.75096776373,0.2021750967763729,0.020830040685884788,-0.11581174880407118,0.3574260963020912,0.2885959493868954,0.17986120493806532,0.4,1.3234159520069262,0.16084236244977246,0.16084236244977246,4.364133002050895,-1.0459305956139284,156.02242546176754,928.9998026348218,13.307692307692308,0,0.26533742331288346,1d,10,2.5,2.5,200,0.0,0.02,3.0
56,13430.355104841783,0.34303551048417824,0.03357283082073659,-0.1886784337512502,0.3507987876443503,0.2667746810742258,0.17793676867700906,0.30357142857142855,1.3472811080261868,0.2898452573106776,0.2898452573106776,7.761661018451345,-1.145273134206356,230.4861251603615,1803.875904602872,18.910714285714285,0,0.3248466257668712,1d,10,2.0,3.5,200,0.6,0.02,3.0
50,11865.739031729996,0.1865739031729996,0.019338158102810477,-0.10880502393789543,0.32236633484010474,0.25646124210921406,0.17773221679403756,0.34,1.3327961824465295,0.1986723422070218,0.1986723422070218,6.067950051739373,-1.0700535034830727,100.53551114545581,1059.5304398179803,22.84,0,0.35030674846625764,1d,10,3.0,3.5,200,0.0,0.02,3.0
47,11660.425173837459,0.16604251738374587,0.017348046584184207,-0.09828018497535101,0.33034640015104794,0.22166085821594217,0.17651621828484707,0.425531914893617,1.413948481859526,0.18089175219802367,0.18089175219802367,3.8089824659456113,-1.0442335745581546,113.60275070993255,788.0283410824655,13.51063829787234,0,0.19478527607361965,1d,30,2.5,2.5,200,0.0,0.02,3.0
41,12297.285920547132,0.2297285920547132,0.023423376008295138,-0.13524201035279676,0.3130311127556695,0.1968990986151664,0.17319600579133768,0.34146341463414637,1.4434362388702648,0.2893984903648094,0.2893984903648094,7.7616610184513455,-1.1612236047103617,123.66841926062995,1196.6910730618065,17.78048780487805,0,0.2236196319018405,1d,55,2.0,3.5,0,0.0,0.02,3.0
38,12590.500579271595,0.2590500579271595,0.026127042506098874,-0.15265696937002676,0.37802882859221415,0.24329920810272648,0.17114870427415124,0.34210526315789475,1.5480374475289933,0.34702867825065337,0.34702867825065337,7.275139859990881,-1.1287466100086148,98.57863132907933,1126.2560095021859,21.394736842105264,0,0.24938650306748467,1d,30,2.5,3.5,200,0.0,0.02,3.0
52,12054.976497893085,0.20549764978930862,0.021145541542955337,-0.12413202121915547,0.3087957589330494,0.24541137452107295,0.1703471943441799,0.3269230769230769,1.3031267109131335,0.21686214265820075,0.21686214265820075,7.2751398599908805,-1.115965777307072,126.43452906918608,1258.9550837698353,21.5,0,0.34294478527607364,1d,10,2.5,3.5,200,0.0,0.02,3.0
39,12409.700898060655,0.2409700898060656,0.02446662805241706,-0.14529625669145424,0.3129336630203589,0.19189056610771937,0.16839131722693645,0.358974358974359,1.459357590062087,0.2068831497602151,0.2068831497602151,6.215565638162423,-1.1287466100086148,123.51481797915487,1136.5743562010723,19.58974358974359,0,0.2343558282208589,1d,55,2.5,3.5,0,0.6,0.02,3.0
52,12806.812644822361,0.28068126448223607,0.028085995816523157,-0.17121556155501297,0.33734767731587045,0.264351761686936,0.16403880325737152,0.3269230769230769,1.3489722439129466,0.21686214265820072,0.21686214265820072,7.275139859990881,-1.1159657773070721,164.59312639119585,1424.9558217059364,21.5,0,0.34294478527607364,1d,10,2.5,3.5,200,0.6,0.02,3.0
42,12032.472904370044,0.2032472904370044,0.0209319378955366,-0.13505990972947643,0.2903697234067116,0.16339960096792994,0.1549826142891925,0.38095238095238093,1.3977902871460761,0.11423296714347005,0.11423296714347005,4.386543157687258,-1.161223604710362,147.4034047960714,949.0759577178206,11.571428571428571,0,0.149079754601227,1d,55,2.0,2.5,200,0.6,0.02,3.0
29,11540.54293903257,0.15405429390325698,0.016171589268853648,-0.1048375684761251,0.3127677773194042,0.1841174300058911,0.15425376135594407,0.3793103448275862,1.533339778835367,0.27296267464089746,0.27296267464089746,5.183108737985492,-1.0700535034830725,56.600555258882515,800.1223468781972,24.379310344827587,0,0.21687116564417178,1d,55,3.0,3.5,200,0.0,0.02,3.0
35,11508.41064814879,0.15084106481487902,0.01585441694770018,-0.10483756847612517,0.2907816354414574,0.1826499398630008,0.15122839243749467,0.37142857142857144,1.4486471909311074,0.22424698216385927,0.22424698216385927,5.183108737985492,-1.0700535034830725,67.55268672089515,809.2240189364713,22.02857142857143,0,0.23650306748466257,1d,55,3.0,3.5,100,0.0,0.02,3.0
39,11231.295928886218,0.1231295928886218,0.013085942533886952,-0.0881322554880432,0.2778924623822508,0.1626599544455672,0.14848074024001698,0.41025641025641024,1.3849445864337118,0.16469813470334094,0.16469813470334094,3.8089824659456113,-1.0294609230776874,88.75735821619156,697.8292963060712,13.282051282051283,0,0.1588957055214724,1d,55,2.5,2.5,200,0.0,0.02,3.0
41,13273.667954964367,0.32736679549643677,0.03221569681206127,-0.22706257056148155,0.334463595768852,0.19569457204175494,0.14188026116500893,0.3170731707317073,1.4773129587045686,0.2601126633579556,0.2601126633579556,7.761661018451345,-1.1612236047103621,178.77628604089253,1665.7698262691645,18.463414634146343,0,0.2322085889570552,1d,30,2.0,3.5,200,0.6,0.02,3.0
38,12057.097791181708,0.2057097791181708,0.02116565854821384,-0.1500410735030141,0.27851657346693465,0.16703924562896455,0.1410657632210866,0.34210526315789475,1.3961660365665416,0.16739514696760674,0.16739514696760674,6.215565638162423,-1.1287466100086143,119.4637107610103,1109.8274973967768,19.05263157894737,0,0.22208588957055214,1d,55,2.5,3.5,100,0.6,0.02,3.0
40,11790.515041365086,0.1790515041365086,0.018612585652322267,-0.1352420103527965,0.2603532575591115,0.15853573157668194,0.1376242899951642,0.3,1.3602664508654565,0.2434498679425992,0.2434498679425992,7.7616610184513455,-1.161223604710362,116.98222387947477,1146.951193785365,17.2,0,0.21104294478527608,1d,55,2.0,3.5,100,0.0,0.02,3.0
34,12550.801491347333,0.2550801491347332,0.025764279711756988,-0.1896896155059124,0.3130402181012707,0.17092198216156604,0.13582335355070582,0.3235294117647059,1.5046582777619053,0.2635029719163539,0.2635029719163539,7.761661018451346,-1.1612236047103621,126.72482936501896,1314.4624791541426,18.38235294117647,0,0.19171779141104295,1d,55,2.0,3.5,200,0.6,0.02,3.0
39,11504.895301990075,0.15048953019900746,0.015819669861261376,-0.11918426939547169,0.25698705941162897,0.1615334782952092,0.1327328676972402,0.358974358974359,1.3423344687860659,0.2068831497602151,0.2068831497602151,6.215565638162424,-1.1287466100086145,91.26417728311421,939.7214985281748,19.58974358974359,0,0.2343558282208589,1d,55,2.5,3.5,0,0.0,0.02,3.0
32,11645.782126537306,0.16457821265373052,0.01720492531372675,-0.14237394581585866,0.253984733545135,0.13864834163625822,0.1208432147829841,0.34375,1.3804641061288634,0.18911794045878255,0.18911794045878255,6.215565638162424,-1.1287466100086148,93.4298102426689,1029.0688617447177,20.625,0,0.20245398773006135,1d,55,2.5,3.5,200,0.6,0.02,3.0
48,11261.373280673739,0.12613732806737388,0.013389342431933349,-0.11619167014103668,0.22528712870697898,0.14222393278168777,0.11523495974953275,0.3958333333333333,1.2576770746337826,0.1474718674520101,0.1474718674520101,4.386543157687258,-1.1612236047103617,131.73372159752313,851.0493360859866,11.291666666666666,0,0.16625766871165645,1d,55,2.0,2.5,100,0.0,0.02,3.0
51,11193.944061983713,0.11939440619837138,0.012708156258334657,-0.11619167014103639,0.21375519914625787,0.13812483227609124,0.10937235210501042,0.4117647058823529,1.2362700285737422,0.13312888253369876,0.13312888253369876,4.386543157687258,-1.1612236047103617,135.01426671089874,839.3590325451058,11.215686274509803,0,0.1754601226993865,1d,55,2.0,2.5,0,0.0,0.02,3.0
41,11934.39050965837,0.19343905096583702,0.01999677911732367,-0.19487821354011534,0.26996423211999865,0.1664122780029563,0.10261167092034826,0.3170731707317073,1.3422449326065662,0.2601126633579556,0.2601126633579556,7.7616610184513455,-1.1612236047103617,128.9410684333116,1330.0497018352253,18.463414634146343,0,0.2322085889570552,1d,30,2.0,3.5,200,0.0,0.02,3.0
38,11121.356116959134,0.11213561169591335,0.011970770563622501,-0.11918426939547248,0.2053193285859443,0.12563555204479415,0.10043918232112972,0.34210526315789475,1.2613017807501403,0.16739514696760674,0.16739514696760674,6.215565638162424,-1.1287466100086145,87.15629170185447,910.5940486472372,19.05263157894737,0,0.22208588957055214,1d,55,2.5,3.5,100,0.0,0.02,3.0
50,11280.905687666418,0.12809056876664182,0.013585986920855886,-0.13679871170232494,0.22745573572918895,0.1510569089523464,0.09931370516426426,0.4,1.2358558440552538,0.14565720578761374,0.14565720578761374,4.706291000653779,-1.161223604710362,144.14771791172677,937.3391596168541,12.06,0,0.18496932515337422,1d,30,2.0,2.5,200,0.0,0.02,3.0
34,11639.128515718625,0.16391285157186242,0.017139840052716737,-0.17479649340953093,0.2554206319721958,0.14447285275256216,0.09805597193852043,0.3235294117647059,1.3653223314943153,0.2635029719163539,0.2635029719163539,7.7616610184513455,-1.1612236047103617,100.0833789355815,1132.4054842253056,18.38235294117647,0,0.19171779141104295,1d,55,2.0,3.5,200,0.0,0.02,3.0
32,11073.659687455918,0.1073659687455919,0.011483915357430874,-0.13882241453173674,0.20789496263413004,0.11820374946455547,0.0827237834478487,0.34375,1.2812987359266614,0.1891179404587825,0.1891179404587825,6.215565638162424,-1.1287466100086145,74.00454171116635,898.3158236497845,20.625,0,0.20245398773006135,1d,55,2.5,3.5,200,0.0,0.02,3.0
42,10801.459522142219,0.08014595221422183,0.008669296037944418,-0.12738779988939727,0.16794269536050907,0.09702403051686849,0.06805436663064608,0.38095238095238093,1.1825045424332519,0.11423296714347006,0.11423296714347006,4.386543157687258,-1.1612236047103621,113.48722626785573,824.2179490691937,11.571428571428571,0,0.149079754601227,1d,55,2.0,2.5,200,0.0,0.02,3.0
